symbol,fin_met_count,has_error,rs_score,rs_percentile,fin_percentile,total_percentile
IPX,7.0,False,96.6,81.10047846889952,100.0,181.10047846889952
COMM,6.0,False,96.56,80.86124401913875,74.26900584795322,155.13024986709198
DFEN,6.0,False,95.83,76.55502392344498,74.26900584795322,150.82402977139822
TBMCR,6.0,False,95.44,73.44497607655502,74.26900584795322,147.71398192450823
FBL,6.0,False,95.1,71.29186602870813,74.26900584795322,145.56087187666134
JBL,6.0,False,94.99,70.81339712918661,74.26900584795322,145.08240297713985
ARKW,6.0,False,94.87,69.85645933014354,74.26900584795322,144.12546517809676
METU,6.0,False,94.74,68.89952153110048,74.26900584795322,143.1685273790537
SMDD,6.0,False,94.58,67.46411483253588,74.26900584795322,141.7331206804891
JFBR,5.0,False,99.72,99.28229665071771,41.228070175438596,140.51036682615631
ARKF,6.0,False,94.38,65.78947368421053,74.26900584795322,140.05847953216374
AIBU,6.0,False,94.22,65.07177033492823,74.26900584795322,139.34077618288146
SCC,6.0,False,94.03,63.8755980861244,74.26900584795322,138.14460393407762
XTKG,5.0,False,99.0,96.41148325358851,41.228070175438596,137.6395534290271
BTFX,6.0,False,93.83,62.44019138755981,74.26900584795322,136.70919723551305
BTCL,6.0,False,93.76,61.961722488038276,74.26900584795322,136.2307283359915
DALN,5.0,False,98.4,93.77990430622009,41.228070175438596,135.0079744816587
BITU,6.0,False,93.42,59.80861244019139,74.26900584795322,134.0776182881446
WEBL,6.0,False,93.27,59.09090909090909,74.26900584795322,133.35991493886232
TLSA,5.0,False,97.8,89.47368421052632,41.228070175438596,130.7017543859649
ARKK,6.0,False,92.76,54.54545454545454,74.26900584795322,128.81446039340776
NUKZ,6.0,False,92.73,54.066985645933016,74.26900584795322,128.33599149388624
ARKX,6.0,False,92.62,53.34928229665071,74.26900584795322,127.61828814460394
WWD,6.0,False,92.55,52.87081339712919,74.26900584795322,127.1398192450824
GOSS,5.0,False,97.07,85.88516746411483,41.228070175438596,127.11323763955343
SHLD,6.0,False,92.31,51.43540669856459,74.26900584795322,125.70441254651782
ARKQ,6.0,False,92.25,51.196172248803826,74.26900584795322,125.46517809675706
FNGO,6.0,False,92.15,50.717703349282296,74.26900584795322,124.98670919723551
TOYO,5.0,False,96.87,83.73205741626795,41.228070175438596,124.96012759170654
SPRX,6.0,False,92.07,49.760765550239235,74.26900584795322,124.02977139819245
FNGG,6.0,False,91.83,48.803827751196174,74.26900584795322,123.07283359914939
PSIL,6.0,False,91.76,48.32535885167464,74.26900584795322,122.59436469962787
BWEB,6.0,False,91.57,47.12918660287082,74.26900584795322,121.39819245082404
EVLV,5.0,False,96.24,79.42583732057416,41.228070175438596,120.65390749601275
HODL,6.0,False,91.15,43.7799043062201,74.26900584795322,118.04891015417331
BTCW,6.0,False,91.13,43.301435406698566,74.26900584795322,117.5704412546518
EZBC,6.0,False,91.12,43.0622009569378,74.26900584795322,117.33120680489102
BRRR,6.0,False,91.08,42.58373205741627,74.26900584795322,116.8527379053695
BITB,6.0,False,91.07,42.3444976076555,74.26900584795322,116.61350345560872
BTCO,6.0,False,91.04,41.866028708133975,74.26900584795322,116.13503455608719
ATRO,5.0,False,95.66,74.88038277511961,41.228070175438596,116.10845295055822
FBTC,6.0,False,91.02,41.62679425837321,74.26900584795322,115.89580010632643
IBIT,6.0,False,91.0,41.38755980861244,74.26900584795322,115.65656565656566
BUZZ,6.0,False,90.95,40.66985645933015,74.26900584795322,114.93886230728337
ALAI,6.0,False,90.92,40.430622009569376,74.26900584795322,114.6996278575226
DEFI,6.0,False,90.91,40.19138755980861,74.26900584795322,114.46039340776184
SEZL,4.0,False,99.08,97.36842105263158,16.95906432748538,114.32748538011695
RGLS,4.0,False,99.04,97.1291866028708,16.95906432748538,114.08825093035618
GBTC,6.0,False,90.86,39.71291866028708,74.26900584795322,113.9819245082403
CHAT,6.0,False,90.84,39.473684210526315,74.26900584795322,113.74269005847954
ESLT,5.0,False,95.28,72.24880382775119,41.228070175438596,113.47687400318978
TDUP,4.0,False,98.97,96.17224880382776,16.95906432748538,113.13131313131314
ALMU,4.0,False,98.92,95.93301435406698,16.95906432748538,112.89207868155236
ATFV,6.0,False,90.42,37.08133971291866,74.26900584795322,111.35034556087189
TME,5.0,False,94.8,69.377990430622,41.228070175438596,110.6060606060606
NVTS,4.0,False,98.28,93.0622009569378,16.95906432748538,110.02126528442318
PLTR,4.0,False,98.22,92.82296650717703,16.95906432748538,109.78203083466241
ECNS,6.0,False,90.03,35.16746411483253,74.26900584795322,109.43646996278576
GAMR,6.0,False,90.01,34.92822966507177,74.26900584795322,109.19723551302499
VNM,6.0,False,89.93,34.21052631578947,74.26900584795322,108.4795321637427
CLS,4.0,False,98.02,91.38755980861244,16.95906432748538,108.34662413609782
METV,6.0,False,89.86,33.97129186602871,74.26900584795322,108.24029771398193
KURE,6.0,False,89.84,33.73205741626794,74.26900584795322,108.00106326422116
CNEQ,6.0,False,89.68,32.057416267942585,74.26900584795322,106.32642211589581
BNGE,6.0,False,89.66,31.818181818181817,74.26900584795322,106.08718766613504
OCFT,4.0,False,97.76,88.99521531100478,16.95906432748538,105.95427963849016
HIMS,4.0,False,97.61,88.27751196172248,16.95906432748538,105.23657628920786
GEV,4.0,False,97.58,88.03827751196172,16.95906432748538,104.9973418394471
RILYK,6.0,False,89.45,30.62200956937799,74.26900584795322,104.89101541733122
TTMI,4.0,False,97.24,87.5598086124402,16.95906432748538,104.51887293992557
RDUS,5.0,False,93.96,62.91866028708134,41.228070175438596,104.14673046251994
TRFK,6.0,False,89.31,29.1866028708134,74.26900584795322,103.45560871876663
FPX,6.0,False,89.18,28.4688995215311,74.26900584795322,102.73790536948432
XAR,6.0,False,89.04,27.27272727272727,74.26900584795322,101.54173312068049
TMAT,6.0,False,89.01,26.794258373205743,74.26900584795322,101.06326422115896
ESPO,6.0,False,88.99,26.555023923444978,74.26900584795322,100.8240297713982
BTRN,6.0,False,88.94,26.31578947368421,74.26900584795322,100.58479532163743
WW,0.0,True,99.98,100.0,0.0,100.0
LYEL,0.0,True,99.89,99.76076555023924,0.0,99.76076555023924
PXLW,0.0,True,99.85,99.52153110047847,0.0,99.52153110047847
LOUP,6.0,False,88.66,25.11961722488038,74.26900584795322,99.38862307283361
AYRO,0.0,True,99.7,99.04306220095694,0.0,99.04306220095694
IKNA,0.0,True,99.67,98.80382775119617,0.0,98.80382775119617
FLYE,0.0,True,99.59,98.56459330143541,0.0,98.56459330143541
ABVX,0.0,True,99.46,98.32535885167464,0.0,98.32535885167464
RAPT,0.0,True,99.37,98.08612440191388,0.0,98.08612440191388
TGEN,0.0,True,99.26,97.84688995215312,0.0,97.84688995215312
FIG,0.0,True,99.1,97.60765550239235,0.0,97.60765550239235
UTES,6.0,False,88.4,22.727272727272727,74.26900584795322,96.99627857522594
ZEPP,0.0,True,99.02,96.88995215311004,0.0,96.88995215311004
TOI,0.0,True,99.01,96.65071770334929,0.0,96.65071770334929
ODDS,6.0,False,88.28,22.00956937799043,74.26900584795322,96.27857522594365
GSIB,6.0,False,88.22,21.5311004784689,74.26900584795322,95.80010632642212
TSSI,0.0,True,98.9,95.69377990430623,0.0,95.69377990430623
SVT,0.0,True,98.85,95.45454545454545,0.0,95.45454545454545
ITA,6.0,False,88.18,21.052631578947366,74.26900584795322,95.3216374269006
PSIX,0.0,True,98.82,95.21531100478468,0.0,95.21531100478468
PWRD,6.0,False,88.16,20.813397129186605,74.26900584795322,95.08240297713982
DAVE,0.0,True,98.81,94.97607655502392,0.0,94.97607655502392
OKLO,0.0,True,98.78,94.73684210526315,0.0,94.73684210526315
CDTX,0.0,True,98.74,94.49760765550239,0.0,94.49760765550239
RKLB,0.0,True,98.64,94.25837320574163,0.0,94.25837320574163
MP,0.0,True,98.44,94.01913875598086,0.0,94.01913875598086
FOSLL,6.0,False,88.07,19.617224880382775,74.26900584795322,93.886230728336
SMR,0.0,True,98.39,93.54066985645933,0.0,93.54066985645933
HOOD,0.0,True,98.33,93.30143540669856,0.0,93.30143540669856
RSI,4.0,False,95.82,76.31578947368422,16.95906432748538,93.2748538011696
VNAM,6.0,False,87.94,18.660287081339714,74.26900584795322,92.92929292929294
ATAI,0.0,True,98.21,92.58373205741627,0.0,92.58373205741627
VERV,4.0,False,95.72,75.5980861244019,16.95906432748538,92.55715045188728
CRDO,0.0,True,98.13,92.34449760765551,0.0,92.34449760765551
VIGL,0.0,True,98.12,92.10526315789474,0.0,92.10526315789474
CPSH,4.0,False,95.67,75.11961722488039,16.95906432748538,92.07868155236577
CTBB,6.0,False,87.81,17.703349282296653,74.26900584795322,91.97235513024988
TZUP,0.0,True,98.07,91.86602870813397,0.0,91.86602870813397
JOBY,0.0,True,98.03,91.6267942583732,0.0,91.6267942583732
SOCL,6.0,False,87.71,16.985645933014354,74.26900584795322,91.25465178096758
SATX,0.0,True,97.99,91.14832535885168,0.0,91.14832535885168
ROKT,6.0,False,87.7,16.74641148325359,74.26900584795322,91.0154173312068
PGY,0.0,True,97.96,90.9090909090909,0.0,90.9090909090909
VRNA,0.0,True,97.89,90.66985645933015,0.0,90.66985645933015
DIST,0.0,True,97.88,90.43062200956938,0.0,90.43062200956938
BE,0.0,True,97.87,90.19138755980862,0.0,90.19138755980862
ASTS,0.0,True,97.84,89.95215311004785,0.0,89.95215311004785
RBLX,0.0,True,97.83,89.71291866028707,0.0,89.71291866028707
GHM,4.0,False,95.31,72.72727272727273,16.95906432748538,89.68633705475811
KEP,4.0,False,95.29,72.48803827751196,16.95906432748538,89.44710260499734
VIOT,0.0,True,97.79,89.23444976076556,0.0,89.23444976076556
XGN,0.0,True,97.75,88.75598086124403,0.0,88.75598086124403
FORD,0.0,True,97.74,88.51674641148325,0.0,88.51674641148325
FCA,6.0,False,87.11,13.636363636363635,74.26900584795322,87.90536948431686
WLDN,0.0,True,97.4,87.79904306220095,0.0,87.79904306220095
BETZ,6.0,False,87.0,13.157894736842104,74.26900584795322,87.42690058479533
OSS,0.0,True,97.23,87.32057416267942,0.0,87.32057416267942
IAI,6.0,False,86.96,12.918660287081341,74.26900584795322,87.18766613503456
ISSC,0.0,True,97.22,87.08133971291866,0.0,87.08133971291866
THM,0.0,True,97.16,86.8421052631579,0.0,86.8421052631579
IQM,6.0,False,86.92,12.440191387559809,74.26900584795322,86.70919723551303
TLN,0.0,True,97.14,86.60287081339713,0.0,86.60287081339713
ARTY,6.0,False,86.91,12.200956937799043,74.26900584795322,86.46996278575227
LASR,0.0,True,97.12,86.36363636363636,0.0,86.36363636363636
DOMO,0.0,True,97.09,86.1244019138756,0.0,86.1244019138756
ONLN,6.0,False,86.75,11.483253588516746,74.26900584795322,85.75225943646997
ASPI,0.0,True,97.01,85.64593301435407,0.0,85.64593301435407
ONC,5.0,False,91.19,44.25837320574163,41.228070175438596,85.48644338118022
UCL,0.0,True,96.99,85.4066985645933,0.0,85.4066985645933
IOBT,0.0,True,96.97,85.16746411483254,0.0,85.16746411483254
KTOS,0.0,True,96.96,84.92822966507177,0.0,84.92822966507177
PVLA,0.0,True,96.95,84.688995215311,0.0,84.688995215311
MGRM,0.0,True,96.94,84.44976076555024,0.0,84.44976076555024
GOGO,0.0,True,96.91,84.21052631578947,0.0,84.21052631578947
FNGS,6.0,False,86.52,9.808612440191387,74.26900584795322,84.0776182881446
SOFI,0.0,True,96.89,83.97129186602871,0.0,83.97129186602871
ELVA,0.0,True,96.86,83.49282296650718,0.0,83.49282296650718
FARO,0.0,True,96.84,83.25358851674642,0.0,83.25358851674642
NET,0.0,True,96.82,83.01435406698565,0.0,83.01435406698565
ICAD,0.0,True,96.75,82.77511961722487,0.0,82.77511961722487
LTL,6.0,False,86.4,8.373205741626794,74.26900584795322,82.64221158958001
INOD,0.0,True,96.74,82.53588516746412,0.0,82.53588516746412
AGX,0.0,True,96.72,82.29665071770334,0.0,82.29665071770334
FFTY,6.0,False,86.24,7.894736842105263,74.26900584795322,82.16374269005848
WGS,0.0,True,96.67,82.05741626794259,0.0,82.05741626794259
SLGL,0.0,True,96.66,81.81818181818183,0.0,81.81818181818183
DASH,4.0,False,94.18,64.83253588516746,16.95906432748538,81.79160021265284
WTAI,6.0,False,86.09,7.4162679425837315,74.26900584795322,81.68527379053695
RFIL,0.0,True,96.65,81.57894736842105,0.0,81.57894736842105
EWP,6.0,False,86.07,7.177033492822966,74.26900584795322,81.4460393407762
SIFY,0.0,True,96.63,81.3397129186603,0.0,81.3397129186603
SIXG,6.0,False,86.03,6.937799043062201,74.26900584795322,81.20680489101542
TIGO,5.0,False,90.9,39.952153110047846,41.228070175438596,81.18022328548645
CVNA,0.0,True,96.54,80.622009569378,0.0,80.622009569378
SNES,0.0,True,96.38,80.38277511961722,0.0,80.38277511961722
BPMC,5.0,False,90.78,38.995215311004785,41.228070175438596,80.22328548644339
CFSB,0.0,True,96.27,80.14354066985646,0.0,80.14354066985646
SPMO,6.0,False,85.84,5.741626794258373,74.26900584795322,80.01063264221159
TPR,0.0,True,96.26,79.90430622009569,0.0,79.90430622009569
UUU,0.0,True,96.25,79.66507177033493,0.0,79.66507177033493
BTI,5.0,False,90.66,38.27751196172249,41.228070175438596,79.50558213716108
AGIX,6.0,False,85.78,5.023923444976076,74.26900584795322,79.2929292929293
PUK,5.0,False,90.61,38.038277511961724,41.228070175438596,79.26634768740033
LIF,0.0,True,96.19,79.18660287081339,0.0,79.18660287081339
ILDR,6.0,False,85.76,4.784688995215311,74.26900584795322,79.05369484316853
ELTX,0.0,True,96.08,78.94736842105263,0.0,78.94736842105263
GROY,0.0,True,96.07,78.70813397129187,0.0,78.70813397129187
PLBY,0.0,True,95.99,78.4688995215311,0.0,78.4688995215311
SRAD,0.0,True,95.97,78.22966507177034,0.0,78.22966507177034
PPA,6.0,False,85.68,3.827751196172249,74.26900584795322,78.09675704412547
FUTU,0.0,True,95.94,77.99043062200957,0.0,77.99043062200957
AHR,4.0,False,93.56,61.004784688995215,16.95906432748538,77.9638490164806
IHS,0.0,True,95.93,77.75119617224881,0.0,77.75119617224881
SANM,4.0,False,93.54,60.76555023923444,16.95906432748538,77.72461456671982
OGIG,6.0,False,85.51,3.349282296650718,74.26900584795322,77.61828814460394
BELFB,0.0,True,95.92,77.51196172248804,0.0,77.51196172248804
ALNT,0.0,True,95.91,77.27272727272727,0.0,77.27272727272727
IETC,6.0,False,85.48,2.8708133971291865,74.26900584795322,77.1398192450824
SEI,0.0,True,95.87,77.03349282296651,0.0,77.03349282296651
MISL,6.0,False,85.47,2.631578947368421,74.26900584795322,76.90058479532165
INDV,0.0,True,95.84,76.79425837320574,0.0,76.79425837320574
CHN,5.0,False,90.16,35.406698564593306,41.228070175438596,76.6347687400319
COUR,4.0,False,93.4,59.569377990430624,16.95906432748538,76.528442317916
RBRK,0.0,True,95.81,76.07655502392345,0.0,76.07655502392345
VST,0.0,True,95.79,75.83732057416267,0.0,75.83732057416267
GGME,6.0,False,85.3,1.4354066985645932,74.26900584795322,75.70441254651782
BBIO,4.0,False,93.22,58.61244019138756,16.95906432748538,75.57150451887294
SFYF,6.0,False,85.2,1.1961722488038278,74.26900584795322,75.46517809675706
CCRD,0.0,True,95.68,75.35885167464114,0.0,75.35885167464114
TWLO,4.0,False,93.19,58.133971291866025,16.95906432748538,75.09303561935141
TPTA,6.0,False,85.11,0.7177033492822966,74.26900584795322,74.98670919723553
VFF,0.0,True,95.6,74.64114832535886,0.0,74.64114832535886
TRVI,0.0,True,95.57,74.4019138755981,0.0,74.4019138755981
ERJ,4.0,False,93.09,57.41626794258373,16.95906432748538,74.37533227006911
NRG,0.0,True,95.55,74.16267942583733,0.0,74.16267942583733
RMNI,0.0,True,95.47,73.92344497607655,0.0,73.92344497607655
FEIM,0.0,True,95.46,73.68421052631578,0.0,73.68421052631578
COOP,4.0,False,93.04,56.45933014354066,16.95906432748538,73.41839447102603
CKPT,0.0,True,95.43,73.20574162679426,0.0,73.20574162679426
APH,4.0,False,93.02,56.2200956937799,16.95906432748538,73.17916002126529
OLO,0.0,True,95.36,72.96650717703349,0.0,72.96650717703349
FIVE,0.0,True,95.21,72.00956937799043,0.0,72.00956937799043
MIND,0.0,True,95.2,71.77033492822966,0.0,71.77033492822966
KEN,0.0,True,95.15,71.5311004784689,0.0,71.5311004784689
QD,0.0,True,95.06,71.05263157894737,0.0,71.05263157894737
STX,0.0,True,94.98,70.57416267942584,0.0,70.57416267942584
WILC,0.0,True,94.94,70.33492822966507,0.0,70.33492822966507
AWI,5.0,False,89.3,28.947368421052634,41.228070175438596,70.17543859649123
DB,0.0,True,94.9,70.09569377990431,0.0,70.09569377990431
DCO,4.0,False,92.59,53.110047846889955,16.95906432748538,70.06911217437533
CLBR,0.0,True,94.83,69.61722488038278,0.0,69.61722488038278
CPS,0.0,True,94.79,69.13875598086125,0.0,69.13875598086125
AVGO,0.0,True,94.71,68.6602870813397,0.0,68.6602870813397
HNRG,0.0,True,94.7,68.42105263157895,0.0,68.42105263157895
COEP,0.0,True,94.68,68.18181818181817,0.0,68.18181818181817
DXPE,0.0,True,94.62,67.94258373205741,0.0,67.94258373205741
DNA,4.0,False,92.19,50.95693779904307,16.95906432748538,67.91600212652844
ACMR,0.0,True,94.59,67.70334928229666,0.0,67.70334928229666
AFRM,0.0,True,94.55,67.22488038277513,0.0,67.22488038277513
EOSE,0.0,True,94.51,66.98564593301435,0.0,66.98564593301435
KF,5.0,False,88.8,25.598086124401913,41.228070175438596,66.8261562998405
TPB,0.0,True,94.48,66.74641148325358,0.0,66.74641148325358
FLUT,5.0,False,88.78,25.358851674641148,41.228070175438596,66.58692185007975
IH,0.0,True,94.46,66.50717703349282,0.0,66.50717703349282
AXIL,0.0,True,94.41,66.26794258373205,0.0,66.26794258373205
MIR,0.0,True,94.4,66.02870813397129,0.0,66.02870813397129
ABCL,0.0,True,94.37,65.55023923444976,0.0,65.55023923444976
PLYA,5.0,False,88.57,24.16267942583732,41.228070175438596,65.39074960127591
REVG,0.0,True,94.29,65.311004784689,0.0,65.311004784689
MTRX,5.0,False,88.52,23.684210526315788,41.228070175438596,64.91228070175438
IDCC,0.0,True,94.16,64.5933014354067,0.0,64.5933014354067
URBN,0.0,True,94.15,64.35406698564593,0.0,64.35406698564593
UI,0.0,True,94.14,64.11483253588517,0.0,64.11483253588517
AAMI,0.0,True,94.02,63.63636363636363,0.0,63.63636363636363
TATT,0.0,True,94.01,63.397129186602875,0.0,63.397129186602875
GTX,4.0,False,91.46,46.411483253588514,16.95906432748538,63.37054758107389
FRHC,0.0,True,94.0,63.1578947368421,0.0,63.1578947368421
FSS,4.0,False,91.4,46.172248803827756,16.95906432748538,63.131313131313135
SMCI,0.0,True,93.94,62.67942583732058,0.0,62.67942583732058
NEXT,0.0,True,93.8,62.20095693779905,0.0,62.20095693779905
KGC,4.0,False,91.28,45.21531100478469,16.95906432748538,62.17437533227007
ZLAB,4.0,False,91.27,44.97607655502392,16.95906432748538,61.9351408825093
DOUG,0.0,True,93.61,61.72248803827751,0.0,61.72248803827751
YALA,0.0,True,93.6,61.48325358851675,0.0,61.48325358851675
LANV,5.0,False,88.11,20.095693779904305,41.228070175438596,61.3237639553429
RYTM,0.0,True,93.57,61.24401913875598,0.0,61.24401913875598
CALX,4.0,False,91.16,44.01913875598086,16.95906432748538,60.97820308346624
WBD,0.0,True,93.52,60.526315789473685,0.0,60.526315789473685
CHEF,4.0,False,91.14,43.54066985645933,16.95906432748538,60.49973418394471
SNOW,0.0,True,93.48,60.28708133971292,0.0,60.28708133971292
HEES,0.0,True,93.46,60.04784688995215,0.0,60.04784688995215
SIMO,4.0,False,91.09,42.822966507177036,16.95906432748538,59.782030834662415
SOC,0.0,True,93.36,59.33014354066985,0.0,59.33014354066985
ALNY,0.0,True,93.24,58.85167464114832,0.0,58.85167464114832
EMX,0.0,True,93.21,58.3732057416268,0.0,58.3732057416268
LTM,0.0,True,93.13,57.89473684210527,0.0,57.89473684210527
LINC,0.0,True,93.11,57.655502392344495,0.0,57.655502392344495
VSEC,0.0,True,93.08,57.17703349282297,0.0,57.17703349282297
TOST,0.0,True,93.07,56.9377990430622,0.0,56.9377990430622
VEON,0.0,True,93.05,56.698564593301434,0.0,56.698564593301434
TEL,4.0,False,90.8,39.23444976076555,16.95906432748538,56.19351408825093
FTI,5.0,False,87.37,14.832535885167463,41.228070175438596,56.06060606060606
GHLD,0.0,True,93.0,55.980861244019145,0.0,55.980861244019145
DY,0.0,True,92.97,55.74162679425837,0.0,55.74162679425837
SLNO,0.0,True,92.96,55.50239234449761,0.0,55.50239234449761
U,4.0,False,90.71,38.516746411483254,16.95906432748538,55.47581073896863
INTU,5.0,False,87.23,14.114832535885165,41.228070175438596,55.34290271132376
ACAD,0.0,True,92.94,55.26315789473685,0.0,55.26315789473685
MTZ,0.0,True,92.86,55.02392344497608,0.0,55.02392344497608
RMBS,0.0,True,92.79,54.78468899521531,0.0,54.78468899521531
LPLA,4.0,False,90.5,37.55980861244019,16.95906432748538,54.51887293992557
CEG,0.0,True,92.75,54.30622009569378,0.0,54.30622009569378
BH,0.0,True,92.71,53.827751196172244,0.0,53.827751196172244
ROKU,4.0,False,90.34,36.84210526315789,16.95906432748538,53.80116959064327
AVXL,0.0,True,92.67,53.588516746411486,0.0,53.588516746411486
C,4.0,False,90.32,36.36363636363637,16.95906432748538,53.322700691121746
RTX,5.0,False,86.86,11.961722488038278,41.228070175438596,53.18979266347687
SXT,4.0,False,90.3,36.124401913875595,16.95906432748538,53.08346624136097
CW,0.0,True,92.53,52.63157894736842,0.0,52.63157894736842
INSM,0.0,True,92.48,52.39234449760766,0.0,52.39234449760766
CTOS,0.0,True,92.47,52.15311004784689,0.0,52.15311004784689
LQDA,0.0,True,92.41,51.91387559808612,0.0,51.91387559808612
CX,0.0,True,92.35,51.674641148325364,0.0,51.674641148325364
SENEB,0.0,True,92.14,50.47846889952153,0.0,50.47846889952153
SENEA,0.0,True,92.13,50.23923444976076,0.0,50.23923444976076
AAME,0.0,True,92.09,50.0,0.0,50.0
BWMN,0.0,True,92.06,49.52153110047847,0.0,49.52153110047847
EBAY,0.0,True,91.98,49.282296650717704,0.0,49.282296650717704
ROK,4.0,False,89.69,32.29665071770335,16.95906432748538,49.25571504518873
VIK,0.0,True,91.93,49.04306220095694,0.0,49.04306220095694
GE,0.0,True,91.79,48.5645933014354,0.0,48.5645933014354
WRBY,4.0,False,89.56,31.57894736842105,16.95906432748538,48.538011695906434
SHOP,0.0,True,91.74,48.08612440191388,0.0,48.08612440191388
NTRS,4.0,False,89.53,31.100478468899524,16.95906432748538,48.0595427963849
SSBI,0.0,True,91.7,47.84688995215311,0.0,47.84688995215311
LLYVK,0.0,True,91.66,47.60765550239234,0.0,47.60765550239234
DLTR,0.0,True,91.61,47.368421052631575,0.0,47.368421052631575
LLYVA,0.0,True,91.55,46.889952153110045,0.0,46.889952153110045
BBVA,0.0,True,91.5,46.65071770334928,0.0,46.65071770334928
NPO,4.0,False,89.32,29.42583732057416,16.95906432748538,46.38490164805954
GLW,0.0,True,91.36,45.933014354066984,0.0,45.933014354066984
MYRG,0.0,True,91.34,45.69377990430622,0.0,45.69377990430622
RL,0.0,True,91.3,45.45454545454545,0.0,45.45454545454545
X,0.0,True,91.23,44.73684210526316,0.0,44.73684210526316
BCS,0.0,True,91.2,44.49760765550239,0.0,44.49760765550239
SATS,0.0,True,91.06,42.10526315789473,0.0,42.10526315789473
CIEN,0.0,True,90.99,41.14832535885167,0.0,41.14832535885167
ESE,0.0,True,90.96,40.909090909090914,0.0,40.909090909090914
VEEV,4.0,False,88.36,22.48803827751196,16.95906432748538,39.44710260499734
SNEX,0.0,True,90.72,38.75598086124402,0.0,38.75598086124402
META,0.0,True,90.54,37.79904306220095,0.0,37.79904306220095
RBKB,4.0,False,88.13,20.574162679425836,16.95906432748538,37.53322700691122
ULS,0.0,True,90.49,37.32057416267943,0.0,37.32057416267943
OR,0.0,True,90.33,36.60287081339713,0.0,36.60287081339713
RYAAY,0.0,True,90.27,35.88516746411483,0.0,35.88516746411483
GTLS,4.0,False,88.01,18.899521531100476,16.95906432748538,35.858585858585855
TSM,0.0,True,90.23,35.645933014354064,0.0,35.645933014354064
GEL,0.0,True,90.0,34.688995215311,0.0,34.688995215311
TRMB,0.0,True,89.96,34.44976076555024,0.0,34.44976076555024
HDSN,0.0,True,89.81,33.49282296650718,0.0,33.49282296650718
OLLI,0.0,True,89.8,33.25358851674641,0.0,33.25358851674641
TGI,0.0,True,89.78,33.014354066985646,0.0,33.014354066985646
NG,0.0,True,89.77,32.77511961722488,0.0,32.77511961722488
AVPT,0.0,True,89.72,32.535885167464116,0.0,32.535885167464116
WTS,4.0,False,87.47,15.550239234449762,16.95906432748538,32.50930356193514
FROG,4.0,False,87.4,15.311004784688995,16.95906432748538,32.270069112174376
WPM,0.0,True,89.55,31.33971291866029,0.0,31.33971291866029
GENI,0.0,True,89.47,30.861244019138756,0.0,30.861244019138756
AEM,0.0,True,89.43,30.38277511961722,0.0,30.38277511961722
NFG,4.0,False,87.08,13.397129186602871,16.95906432748538,30.35619351408825
ULTA,0.0,True,89.38,30.14354066985646,0.0,30.14354066985646
CCLDO,0.0,True,89.34,29.904306220095695,0.0,29.904306220095695
HEI,0.0,True,89.33,29.665071770334926,0.0,29.665071770334926
USFD,0.0,True,89.2,28.708133971291865,0.0,28.708133971291865
BHST,0.0,True,89.17,28.22966507177033,0.0,28.22966507177033
BK,0.0,True,89.14,27.990430622009573,0.0,27.990430622009573
AZZ,0.0,True,89.06,27.751196172248804,0.0,27.751196172248804
GS,0.0,True,89.05,27.51196172248804,0.0,27.51196172248804
NCSM,4.0,False,86.59,10.526315789473683,16.95906432748538,27.485380116959064
DERM,0.0,True,89.02,27.033492822966508,0.0,27.033492822966508
PFGC,4.0,False,86.49,9.569377990430622,16.95906432748538,26.528442317916003
WNS,0.0,True,88.93,26.076555023923444,0.0,26.076555023923444
GTES,0.0,True,88.9,25.837320574162682,0.0,25.837320574162682
ALG,4.0,False,86.43,8.61244019138756,16.95906432748538,25.57150451887294
PHAR,0.0,True,88.61,24.880382775119617,0.0,24.880382775119617
CYBR,0.0,True,88.59,24.641148325358852,0.0,24.641148325358852
MRCY,0.0,True,88.58,24.401913875598087,0.0,24.401913875598087
ING,0.0,True,88.53,23.923444976076556,0.0,23.923444976076556
BKD,4.0,False,86.02,6.698564593301436,16.95906432748538,23.657628920786813
AIP,0.0,True,88.51,23.444976076555022,0.0,23.444976076555022
ZG,4.0,False,85.94,6.4593301435406705,16.95906432748538,23.418394471026048
LYG,0.0,True,88.49,23.205741626794257,0.0,23.205741626794257
MNMD,0.0,True,88.45,22.966507177033492,0.0,22.966507177033492
BYFC,0.0,True,88.32,22.248803827751196,0.0,22.248803827751196
RBC,4.0,False,85.8,5.263157894736842,16.95906432748538,22.22222222222222
NEM,0.0,True,88.25,21.770334928229666,0.0,21.770334928229666
MCRI,0.0,True,88.21,21.291866028708135,0.0,21.291866028708135
BWFG,0.0,True,88.12,20.334928229665074,0.0,20.334928229665074
PINS,0.0,True,88.09,19.85645933014354,0.0,19.85645933014354
SCHW,0.0,True,88.06,19.37799043062201,0.0,19.37799043062201
SPNT,0.0,True,88.02,19.138755980861244,0.0,19.138755980861244
CLFD,0.0,True,87.9,18.421052631578945,0.0,18.421052631578945
ITRN,0.0,True,87.86,18.181818181818183,0.0,18.181818181818183
FFIV,0.0,True,87.83,17.942583732057415,0.0,17.942583732057415
NWG,0.0,True,87.73,17.464114832535884,0.0,17.464114832535884
R,4.0,False,85.1,0.4784688995215311,16.95906432748538,17.43753322700691
NVNO,0.0,True,87.72,17.22488038277512,0.0,17.22488038277512
NDAQ,0.0,True,87.56,16.507177033492823,0.0,16.507177033492823
OPY,0.0,True,87.52,16.267942583732058,0.0,16.267942583732058
AIRT,0.0,True,87.49,16.028708133971293,0.0,16.028708133971293
GL,0.0,True,87.48,15.789473684210526,0.0,15.789473684210526
FHI,0.0,True,87.38,15.07177033492823,0.0,15.07177033492823
VIRT,0.0,True,87.36,14.5933014354067,0.0,14.5933014354067
TDS,0.0,True,87.27,14.354066985645932,0.0,14.354066985645932
TENX,0.0,True,87.21,13.875598086124402,0.0,13.875598086124402
MSFT,0.0,True,86.93,12.679425837320574,0.0,12.679425837320574
DAIO,0.0,True,86.82,11.722488038277511,0.0,11.722488038277511
JBTM,0.0,True,86.72,11.24401913875598,0.0,11.24401913875598
BAP,0.0,True,86.7,11.004784688995215,0.0,11.004784688995215
MGYR,0.0,True,86.64,10.76555023923445,0.0,10.76555023923445
COMP,0.0,True,86.56,10.287081339712918,0.0,10.287081339712918
UGI,0.0,True,86.55,10.047846889952153,0.0,10.047846889952153
PRLB,0.0,True,86.47,9.330143540669857,0.0,9.330143540669857
GSL,0.0,True,86.46,9.090909090909092,0.0,9.090909090909092
MFG,0.0,True,86.45,8.851674641148326,0.0,8.851674641148326
TGS,0.0,True,86.34,8.133971291866029,0.0,8.133971291866029
CSGP,0.0,True,86.11,7.655502392344498,0.0,7.655502392344498
PAC,0.0,True,85.91,6.220095693779904,0.0,6.220095693779904
HNNA,0.0,True,85.86,5.980861244019139,0.0,5.980861244019139
JPM,0.0,True,85.81,5.502392344497608,0.0,5.502392344497608
BN,0.0,True,85.74,4.545454545454546,0.0,4.545454545454546
EM,0.0,True,85.72,4.30622009569378,0.0,4.30622009569378
MSB,0.0,True,85.7,4.0669856459330145,0.0,4.0669856459330145
BNT,0.0,True,85.66,3.588516746411483,0.0,3.588516746411483
CBRE,0.0,True,85.49,3.110047846889952,0.0,3.110047846889952
BVN,0.0,True,85.46,2.3923444976076556,0.0,2.3923444976076556
RLX,0.0,True,85.44,2.15311004784689,0.0,2.15311004784689
RNW,0.0,True,85.43,1.9138755980861244,0.0,1.9138755980861244
ETR,0.0,True,85.36,1.674641148325359,0.0,1.674641148325359
TR,0.0,True,85.16,0.9569377990430622,0.0,0.9569377990430622
CALM,0.0,True,85.06,0.23923444976076555,0.0,0.23923444976076555
