symbol,score,rank,price_momentum_20d,rsi_14,relative_strength
WW,0.7595992168119312,1,13903.257364595287,64.9525733967275,100.0
LRHC,0.42216008464474064,2,-62.166666984558105,25.8445918326005,99.66
SNSE,0.395112643392933,3,14.341086540296544,70.44541355477794,99.92
GORV,0.36845094116812616,4,1747.7365258856473,19.924100560333372,98.98
LYEL,0.3557437636989664,5,13.725499844941801,56.99482228843152,99.75
FGEN,0.32291816338802243,6,22.81639398410016,36.8420978332136,99.83
PXLW,0.2935755769111054,7,49.30747986469184,62.78643335010203,99.58
IMAB,0.260508887258874,8,21.860454388088186,64.63413871802629,92.35
SRM,0.2530639229723442,9,-7.743899595304805,51.13137464114019,99.49
INDP,0.23889567711943993,10,-34.17493155731488,10.9467433499902,98.64
BOLT,0.22508249825987567,11,-6.587835497626285,42.76094281500043,99.07
IKNA,0.22237190878026006,12,1180.5969716393101,88.20686466814001,99.24
FLYE,0.21683956056250628,13,65.62802542471096,69.71428734915597,98.81
AYRO,0.20938682564843106,14,0.27972000922729906,62.362632648107315,99.15
NEGG,0.2055931655517989,15,222.6642452498512,59.38007882991035,98.3
FIG,0.19198861905143333,16,450.6657468692322,99.85187339505487,97.45
WBX,0.1916364178750438,17,-17.152658886559866,30.76922405132096,98.39
ARBB,0.18882103994791422,18,-17.49174839584818,29.828045394123734,98.56
RAPT,0.18609549256016933,19,30.310553075410045,58.23255510263176,97.96
SHPH,0.1843805203750818,20,-10.48593546881172,41.47286685597225,97.62
VLCN,0.18061462572795442,21,37.22730434660055,53.90594659083134,97.54
INUV,0.1780509282439699,22,-1.8181753377500336,39.271261626041564,99.41
ABVX,0.16125439541498615,23,803.8316501261281,94.62631062938289,98.47
SIXG,0.1590542306343277,24,-1.6827297284113782,53.93656352582796,29.82
SLXN,0.14857157299631987,25,1044.266319729902,67.89910392402581,98.9
SOCL,0.1330304532360387,26,1.8414121002595887,56.39345348984823,42.65
BREA,0.13199722145454856,27,-19.11573805059422,43.20057933732388,98.13
EKSO,0.12266859096025207,28,6.402440243253826,52.97157582941309,97.37
CLRO,0.12010839961229806,29,-54.40000057220459,2.8862492384975127,98.05
ATEC,0.11272635525292944,30,25.295730159625474,75.90580943301629,73.41
TNGX,0.09918418620563586,31,14.561411023103513,57.382546523195316,93.03
JFBR,0.09837211260394868,32,-9.415125573462985,49.054221006351135,99.32
OKYO,0.09424957814119035,33,11.510789084030971,65.47619148987502,93.29
SMDD,0.0935421939401831,34,8.798884467415505,61.47705031558841,83.52
CPS,0.09105273035352032,35,9.476312291165733,61.82669930451019,78.16
SY,0.0874174267886377,36,32.92308220496544,50.836824403691594,96.69
ZEPP,0.08641599707632021,37,336.24160794609116,60.592960457443276,96.77
NRSN,0.08638998237788872,38,-43.45549414716705,19.816265893109787,16.4
RDDT,0.08629757666494589,39,20.1299120270509,80.9098845300746,88.53
VIGL,0.08590667871482349,40,0.7509439466267023,41.66673289516558,93.8
TGI,0.08502887849503067,41,1.0882265512126592,71.11140310350092,59.47
DDC,0.08487456645354906,42,-0.5000034968058269,29.929576333065683,94.82
BYFC,0.0833685355288886,43,8.144200654100914,69.73686522065023,52.17
RGLS,0.0824179243885859,44,2.900378613522272,52.499976158157246,97.11
COE,0.08151691392975205,45,11.030217555092847,62.8369792232023,82.92
AIMD,0.08147403685731719,46,-25.22796149938476,30.90908578604659,96.35
SVT,0.08080395480419811,47,0.5139140467851631,64.10203742284915,96.26
SBET,0.08039271936699757,48,35.38704262427069,41.358975075013824,95.16
TOYO,0.07962258978371665,49,65.13264469906883,94.64285410180405,90.57
IRTC,0.07954251434338627,50,15.792798348576415,76.27542590095675,80.12
SCC,0.07953411980080306,51,5.266235286685992,62.162154562661996,81.48
NVTS,0.07931117344579458,52,23.60248396616559,68.0483636494207,94.65
ARKW,0.07883087174338936,53,1.4113967531382892,45.84670402390921,77.4
APPF,0.0778304737765802,54,35.525918914528546,89.70952494195039,72.73
FFTY,0.07779933814986553,55,1.3476220708909754,57.630148300644734,30.42
PHAR,0.07764156265482335,56,3.5916835272320715,59.472037962135566,48.17
MIR,0.07747822855413736,57,-4.10429025445194,41.54411777596156,67.71
WSC,0.07736022221167244,58,-12.352940283553481,26.398433690625865,1.53
SPRX,0.07704260553706661,59,8.054439677568343,67.81853406505141,62.53
AAME,0.07631660995361042,60,-3.8461503192516595,63.15790068079827,67.97
TSSI,0.07609924227036981,61,-3.559985740718736,65.06527414623496,96.43
CELC,0.07606641103831221,62,189.41261753309834,94.14445487059864,94.73
PROK,0.07602917836907577,63,342.7001296050084,32.38866166193577,91.67
BMNR,0.07595340058195064,64,-76.5333331072772,35.04163848714616,96.6
NCSM,0.0754669971104748,65,5.361300919712958,60.598035473899,55.23
LIDRW,0.0748066362215904,66,212.69840274928796,59.85074640807502,98.22
ROKU,0.07466058508242443,67,-9.39163203965522,35.53270661307593,32.03
GTLS,0.07415659918498949,68,14.467542711953302,83.97729191653366,49.96
PCOR,0.07244516716116511,69,-15.141566957197961,29.553264041712623,5.95
MTZ,0.07237184019638851,70,1.2566197392397307,51.93870266612579,59.73
PSIX,0.07176018396291514,71,11.38284195049529,61.866882593265245,95.84
SMR,0.07171234124743667,72,23.829428602382357,53.66783393113895,93.88
AUPH,0.07120388788778795,73,38.208162848870145,71.77178811228163,69.07
AMSC,0.07067996995325204,74,34.71177429689587,78.62160143612141,91.59
INOD,0.07046310817419427,75,-10.313189454390246,41.31136645655846,78.42
IPA,0.07044488020812247,76,25.190844070966477,40.81080765859946,94.9
DALN,0.07027949914378646,77,236.19908145198423,64.08450089378957,94.39
CTBB,0.07005142128119911,78,1.7066650390625,49.54127396871949,46.64
KF,0.0695100035251877,79,-2.1889835272157985,41.94444635767967,43.84
ATAI,0.06924266725855438,80,50.54152003637046,76.55677492528463,94.48
CDTX,0.06881071922167926,81,28.946295817815415,62.782464487293126,95.75
TLSA,0.06868078895457823,82,57.61590261406238,86.29033312465295,91.76
DOUG,0.06867689736329091,83,-10.169492381566323,41.379306699902784,21.24
NWL,0.06839131393115648,84,-18.493148895338166,35.806452654899445,0.51
TGEN,0.0683718144493957,85,10.071944091358775,58.60655957958593,97.71
CLBR,0.06826607774185199,86,16.016151880403847,64.86485609260203,80.46
LPLA,0.06793523051023252,87,-3.696853044957,49.73411357811549,48.6
CECO,0.06789650224755564,88,50.43333689371745,95.3345493213986,83.6
PAYS,0.06783773598782487,89,-11.85185765151706,40.370371743975205,92.1
LEU,0.06776896805597707,90,18.605185920945484,46.97684968071812,94.56
JUNE,0.06757969339977589,91,110.00954401638903,88.74750203366477,96.01
RAY,0.0672581060060927,92,102.1978000864595,76.62337923717499,81.65
JOBY,0.06699154025838028,93,62.65402404904435,72.85569811696973,93.97
MCVT,0.06674257349102841,94,169.7802036212505,72.32667266623703,92.18
SEZL,0.0666518335763587,95,-20.948618190024153,55.93736836329783,96.52
HOOD,0.06622786289251441,96,5.826271092264998,49.917038747462314,94.31
WLDN,0.06601961951403684,97,16.19640192281839,76.08219377445411,90.99
RSI,0.06601059851172163,98,28.656917756306154,80.8333419428945,81.99
AMPX,0.06567334994037617,99,35.897443734996315,46.307386540362884,95.24
OKLO,0.06562174494925486,100,33.07892077302864,59.76343952822446,95.58
BE,0.06545729653410118,101,51.48515498112677,83.79398854296484,92.61
APLD,0.0653362229260274,102,19.808619007468682,67.48251763797322,90.91
TMC,0.0652949974930759,103,-17.440228195078838,35.095137058395196,95.92
TDUP,0.06528583909941534,104,5.875003337860107,68.5950459904827,96.94
MP,0.06469783617577629,105,100.03140176345879,74.24096201055093,94.99
PRCH,0.06468480779422234,106,0.16287018077021317,49.14893677462398,95.67
DOMO,0.0645907707063779,107,8.631157742620072,77.63976810900559,89.21
LASR,0.06437890877391951,108,1.7197781725612915,63.592234807567635,88.87
FTEK,0.0642670857984591,109,-8.214286535370121,47.58063787352163,93.54
SLDP,0.06424838773165248,110,26.42275800281993,56.83229526230449,92.01
QBTS,0.06410256123673534,111,-2.4419400381424263,52.3012518909884,97.79
CRDO,0.06404606757445819,112,14.902250675447155,58.92785316627592,92.86
IMRX,0.06395904683103655,113,-2.3188452469252816,28.260854917566732,91.93
PGY,0.0636448515789057,114,31.407946930261794,66.15110378882775,92.78
NET,0.06359709076313558,115,4.621736885255806,67.35929944385599,87.77
SSBI,0.06341189607653835,116,9.900092006615623,54.70086584761984,69.67
RBLX,0.06338980415565221,117,20.696981561301627,61.632008080653804,91.33
DAVE,0.06338396701747388,118,-17.410132130203575,57.28207985868549,96.09
TTMI,0.06333802559692173,119,-1.544753062481742,47.76119641987856,88.45
RMNI,0.06322667197940593,120,-0.3597090218503477,25.876023946209713,81.56
QUBT,0.06315922508555866,121,-29.957402846399756,29.048585545871774,97.88
SLGL,0.06312385225879588,122,74.14601117581078,90.61342460152665,90.48
VFF,0.06305923849233355,123,21.25984133712649,67.74192804104335,87.0
PLBY,0.06273126835951608,124,14.110430659283688,49.05660462235166,85.05
QD,0.06266265576679371,125,30.7947043917492,66.66666666666666,79.95
XTKG,0.06248364179626061,126,24.260345179303464,61.16426994804696,97.2
ISSC,0.06226001718442216,127,10.785715920584542,63.03031529058176,90.4
BULLW,0.06219180889066835,128,-2.9357771194799973,53.187513469680745,98.73
NVT,0.06211808820051986,129,19.983971244792027,81.46895249971257,64.32
DIST,0.06202756343359294,130,115.38461538461537,50.0,93.12
EZBC,0.061984557295936354,131,3.3454299631021187,34.15606338461501,61.77
CLS,0.061948919875324394,132,22.27804358288185,70.4402515723271,92.44
ALMU,0.06194144002933131,133,20.069201335716016,60.82068281340144,96.18
AIBU,0.06184021377458397,134,2.4816809335378056,51.17694090022557,66.61
RDUS,0.06172281019358486,135,1.3513500451867637,68.75004967058443,77.91
RKLB,0.06166491645312084,136,25.659006071316437,53.25203787840138,95.5
SUPX,0.061636713935712975,137,95.61234398527166,80.66971699294722,95.33
STRL,0.06121818409337985,138,11.146317584872865,66.46968195612047,85.73
BLBX,0.06102054347994384,139,-0.5617972260667591,32.90766484325641,92.27
PRME,0.06097244007414328,140,29.90354013270946,37.68115975413934,79.01
TZUP,0.06090797035950383,141,36.74568906825092,49.82577999698723,94.14
AGX,0.060862548261695903,142,6.717517732044673,52.71856799097118,85.3
VIOT,0.06076490469060363,143,95.1807273906831,48.69110078352329,93.46
APP,0.06076171349390994,144,10.985246800763921,60.8162210406445,90.82
BBAI,0.06070030381871766,145,-17.419353608162172,44.009217678438425,93.71
OLO,0.06058459301063991,146,2.667988743250422,76.4707202321739,82.5
SYM,0.06051994826896185,147,6.136503101800329,56.19617507785064,88.95
RPID,0.060518177157730314,148,-8.815431448289706,52.21773916380669,93.2
LYG,0.0604211258566207,149,4.807699361496682,62.63734593858451,62.11
ASTS,0.06025317783629407,150,15.043861491014649,59.26671457834851,91.25
CREG,0.06023275603203163,151,470.8333480792746,25.906739431680577,87.17
RGTI,0.06022527415350982,152,4.981413277288008,56.838904277264,97.28
TOI,0.060224121896659585,153,48.01587489306643,63.40206096879051,97.03
PLTR,0.06022392624958242,154,14.818400991117173,58.56189637794873,94.05
INDV,0.06022256029989494,155,36.59960704409478,86.63967720757942,86.24
COMM,0.06016494841519948,156,-10.14994356052048,50.14924999227809,85.39
XTL,0.06009875099561142,157,-1.8563372015132356,46.12434918857908,28.46
CONL,0.059967509257280824,158,-26.057382614952722,24.468088045768084,50.21
ALAB,0.05995786313006521,159,44.383261781154374,77.5094587749547,88.79
PRPO,0.05993887890049075,160,19.99999841713809,45.49237094156862,91.42
GROY,0.05990657397495315,161,16.521744448656506,60.194169813172586,87.09
BIO,0.0597271352590784,162,13.134047092374537,67.56785059113723,9.43
AMLX,0.059701998573535926,163,22.46031617481546,36.812160694896846,90.23
DBVT,0.05957977344587436,164,-22.413795654895544,36.32286707854276,96.86
IREN,0.059464150907513336,165,-8.442331165623646,36.609676237012295,86.83
COOP,0.05943201648291789,166,15.167535072727075,66.15866318954204,82.07
MNPR,0.0594317364470303,167,12.248272073679937,42.87054184089561,95.41
GOGO,0.059349116865419375,168,-2.069855718205895,45.75569509432293,87.85
UCL,0.05934175448594866,169,39.453551143682844,63.570786303076495,90.31
PARR,0.05919716670564287,170,-4.674089618577587,27.46553625418582,85.81
GEV,0.059125734413139064,171,26.972773460330156,75.31942465635747,91.08
TPC,0.05894205508596976,172,-5.251138985619906,33.616305409068175,87.6
CVNA,0.05893321502378797,173,5.583789210463536,57.94588836004195,84.88
TLN,0.058904880455290215,174,32.0282256955644,78.39868841690586,89.89
UMAC,0.058796228591280475,175,1.2600299670048334,32.39795806655185,94.22
CAR,0.05879070792761109,176,-9.508571213125476,29.321696072373214,84.45
YSG,0.05875791227723858,177,-14.215207480647612,41.01123424941446,91.5
MNYWW,0.05872051631167883,178,66.66666149265235,63.39285604403907,87.68
ARVR,0.05871852293297648,179,-2.6870524384830863,38.64153728745103,27.36
NBTX,0.05871174552449682,180,39.63039734146143,74.70060262800116,84.37
GOSS,0.05846168668985163,181,61.29032134017389,71.55964075340292,89.04
FNGG,0.058451551203864756,182,-3.956400063922705,47.785328563432174,55.82
SNOW,0.058402490273021294,183,-7.43600199206799,40.184754738683495,65.34
DFEN,0.058295699591995105,184,13.505468238003795,53.484221721320885,83.35
EYE,0.058228776901837864,185,1.2970689158589994,36.754941582683216,89.29
OSS,0.05814018211141948,186,23.249995708465576,48.03370327498687,88.7
IOBT,0.05809425505599847,187,48.99328955712226,69.40297870122048,89.97
KC,0.058061283927181746,188,11.980029330641253,53.7764356546327,92.69
ARTW,0.05795589884783828,189,48.45814598569279,74.99999503294646,90.06
METC,0.05793222792072128,190,58.79396776213285,49.398489695514044,86.41
SHNY,0.05789395380632718,191,-0.389536435720385,49.31075504587404,61.94
EVLV,0.05786620510347159,192,12.12624620243163,77.20587977488617,88.28
IPX,0.05780811461984493,193,25.8075188659514,67.53493390568302,86.66
SOFI,0.057803197207841175,194,14.324178196693765,49.35064677706338,87.94
SIFY,0.057729949592365125,195,39.91595645314915,81.06313834431907,88.36
ALNT,0.057703843043654605,196,-1.9091792977669553,43.56552830823457,81.9
XGN,0.05761995320561876,197,22.41134582921709,73.7804784971959,93.37
UAMY,0.057416231593274414,198,33.33333333333336,49.39759082289374,95.07
MGRM,0.05729614152628137,199,85.86205824943875,19.230738664255583,89.8
KTOS,0.05722955636894234,200,26.981637434463185,60.068251165199285,88.62
SIJ,0.057162482676192616,201,-0.16180829000712094,55.66036971959285,77.49
ARKK,0.057146364975347766,202,0.09847704012531569,43.22264681610654,65.85
VRNA,0.057145345514140786,203,14.913145097699262,70.07839485777713,92.95
COIN,0.05711735263343523,204,-11.554240236647615,24.491900517589585,67.2
TSAT,0.057035348231329865,205,-10.000002192354717,41.86746647634038,85.64
AKBA,0.05700621407977113,206,2.7624349782459507,38.73874493092308,88.19
SNES,0.056990052665514386,207,2.1400804741579766,58.440243383360986,86.07
SATX,0.05697474289336415,208,2.06896347608356,68.18177877383648,93.63
PL,0.056972615893473695,209,-9.78102314776432,49.579832606223924,88.11
AS,0.05696218125014584,210,-6.071522189869864,35.49883169298303,86.32
FIX,0.056941107122327354,211,28.526010738974676,82.99191096777605,84.11
BELFB,0.056780784302138364,212,27.372629314237845,73.44827643502565,84.03
HIMS,0.05674769228358972,213,30.36681916180176,66.6455691389082,90.74
RFIL,0.05673605650548416,214,20.610684966729874,53.757224796234766,87.34
HNRG,0.05670846395993294,215,4.506169801586301,63.00886377788044,76.64
TPR,0.05668917504384838,216,17.86031170222286,62.920724701430565,86.75
HDSN,0.05664509307597992,217,14.097972775503354,76.00000554865056,63.47
STRT,0.056536727995386386,218,-11.331814431939929,47.109061566297704,87.26
SBSW,0.05652938238132976,219,9.379122129583676,47.69231107813193,86.58
CCRD,0.05651780733417433,220,-4.051246919298347,44.246206146731396,82.58
SANM,0.05645402526698925,221,8.422907030523842,55.912294241256994,70.26
AZ,0.05643703671626059,222,2.0242895440133903,25.33874834463792,91.16
UPST,0.05642610120323038,223,7.315092858578702,57.96801711510956,84.54
ELVA,0.05639746775058028,224,45.945953299169076,71.95122459448727,89.12
USAS,0.056389373074829344,225,4.545457008456396,39.47368462330091,90.65
SEI,0.056379278511906335,226,-8.113899665986215,44.36752897483897,80.8
FORD,0.056365467346546745,227,54.84694014088105,78.16667209731294,91.84
RBRK,0.056326892120186205,228,-1.6052989175818142,53.16766749618864,79.44
CPSH,0.056279419479795915,229,0.3460204186943742,67.27272648456696,85.98
OCFT,0.056206083248637115,230,2.357837384112368,36.8421008602307,92.52
CMPX,0.05602392338098843,231,6.115110720988939,51.28205023704312,83.77
CTOS,0.0558966922027695,232,19.84435812104261,71.86145801058248,70.18
THTX,0.055891481711547585,233,-1.2499987892806712,54.54545454545437,86.92
SNEX,0.05588814108342752,234,3.3578526893270624,64.21696300914331,62.96
BTCW,0.05588109265383696,235,3.4470823877058465,34.099628306880035,61.51
LIF,0.05575250772858374,236,13.449221483015581,71.66667991215591,84.79
PVLA,0.055690681143569794,237,51.53398824766462,73.5602066007836,89.72
SRAD,0.055687396352168676,238,4.746723961447639,52.54236740204145,85.13
RCAT,0.055672903810762085,239,15.819207593618357,36.73723421375011,90.14
KORU,0.055664622430484305,240,-10.179207830001404,35.233645948234695,73.83
ASPI,0.055569689771142745,241,27.93696677326277,56.24152028887145,88.02
SGHC,0.0555658181293524,242,-6.321336657824611,29.629604919239767,86.49
HWM,0.05553805629932856,243,1.7673682709548844,49.929296847894236,76.47
ALNY,0.0555124508910563,244,21.056908005101512,88.52179510789767,77.23
THM,0.05545300067756361,245,21.505374896869544,52.8301861329449,89.55
ELTX,0.0554201436911452,246,26.169402462143587,73.113208395937,85.22
EBAY,0.05538260864443358,247,20.141431548565233,77.56936817036416,70.35
CFSB,0.05531441586213012,248,0.9454553777521307,59.30231010805336,87.43
UUUU,0.05528509966200833,249,43.435984960077064,70.2643232881017,82.24
PPIH,0.055221706619170044,250,-12.010005069825027,37.36689873049606,81.82
STIM,0.055005579515282066,251,29.99999859753779,66.66667139719384,89.63
VNET,0.05495959984066235,252,-3.354841662991431,45.87331688351625,85.47
LITE,0.05493191526510247,253,15.018868253558793,73.67213514984633,81.73
QS,0.05486949041719105,254,17.663821243937733,43.38507022475771,83.01
GHM,0.05469612767925984,255,5.232224306224081,72.15905540084448,80.71
BLOK,0.05467036612163501,256,-5.1767913072143275,33.23837052810504,60.32
VST,0.05463955562796855,257,8.246621412686023,60.14715709050989,82.84
SNT,0.05463100431771924,258,-15.2777775149707,31.304356840021143,85.56
VERV,0.05453342165755205,259,-1.1106174920390863,46.808540858833965,84.62
AP,0.05450316462498593,260,6.8965449202785685,42.56409761076469,77.74
BWEB,0.05449563139444805,261,0.43713499116695076,46.46326191293113,58.54
GAMR,0.054485747318931285,262,6.153030696372215,73.61001727884195,56.16
LTBR,0.05446364735910495,263,2.3474193818712914,44.953052234391286,87.51
KEN,0.05443545543556089,264,6.852444229438101,61.30652746159044,79.78
IHS,0.054409220561714065,265,7.628516505879766,67.99999237060547,86.15
FARO,0.054383398668613796,266,0.5485752650669643,57.77815453736327,89.46
WGS,0.05437006311231952,267,10.904920638807093,75.0717882202197,84.28
TATT,0.054213429468179114,268,10.440096353888237,70.72937413887877,75.7
NRG,0.05418860577513149,269,5.83370511318276,72.58109324288131,83.94
ILPT,0.05413180134995989,270,15.236052819642582,31.764696972586904,72.3
WDC,0.054128717372569905,271,15.844432401003184,73.74136656525522,79.18
FUTU,0.05399252402514384,272,16.32317686507498,45.77612929478551,79.52
ICAD,0.053949241892986326,273,2.6525173776789366,50.574712328684534,89.38
FPX,0.053922430933622145,274,3.6980342297085205,58.10105232809571,49.45
OPRX,0.05388194061299152,275,-6.924797349538163,48.52458775476002,80.37
SVV,0.05380189670664837,276,5.422795463069796,63.0136908752393,17.42
GDS,0.05377825547509377,277,0.41200527232032946,46.7599366838815,83.69
ESLT,0.05374807672923551,278,4.656554307784922,57.88790323256182,82.33
ENLT,0.05373797762981363,279,-2.7799871106259166,47.98205894478267,76.21
ABCL,0.053716450935937986,280,11.578942745346053,50.0,76.81
UUU,0.05366965949329657,281,-6.325302481011073,48.57142467888149,84.2
CYD,0.05366120198930652,282,-8.775508647062342,39.427986170451945,85.9
DGXX,0.05349991591449829,283,-9.120520439034994,53.9033463509284,82.16
SSSS,0.05349715481132236,284,0.4860378827733732,46.691186396108165,84.71
ABAT,0.05337861523634435,285,20.21857902139339,59.32203609003026,83.18
AU,0.053320052489469166,286,4.388780298096832,52.63156824658437,74.09
GNRC,0.053300069497807016,287,27.078828567193952,83.04411944221047,69.92
OWLT,0.053260410618617623,288,-13.364594398275651,32.42506479202562,82.75
XERS,0.05325982713464098,289,13.263160304019324,47.413796292756565,76.55
SATS,0.05322146014534559,290,-14.126276208405072,38.7462234779096,22.01
URGN,0.05320726697165841,291,42.85714085067469,81.35376689178912,78.59
MGNI,0.0530926507005923,292,-9.539339939202778,43.294458817527065,80.97
BRRR,0.0529677692659669,293,3.429309191766709,34.14635961782335,61.85
DB,0.05296563379276431,294,11.213671040331196,67.5291197909958,80.2
URBN,0.05293082653910943,295,3.588418377870629,58.838710990003364,78.67
SEDG,0.052898856451473464,296,-7.225859158722152,46.74819387691382,81.05
METU,0.05287418483836707,297,6.590595998050204,56.496903305531376,71.03
FEIM,0.05277882442066082,298,23.54040612539539,75.30762840844673,82.67
TRVI,0.052748978318690236,299,23.19327997779141,57.33944472515142,83.86
FIVE,0.05271908127684497,300,0.46779116295717516,47.92644529233803,78.5
KEQU,0.05263080783143055,301,-6.931705383531954,39.10979280885846,68.22
ESP,0.05260498506590547,302,-1.8389404382330048,44.58086052274273,80.88
MDAI,0.05259454083052577,303,-11.940304615312076,39.33332761128743,79.35
ARKF,0.052590726718788235,304,1.5948948155784755,43.565396684111796,74.51
EVEX,0.05256469665560864,305,-14.013601990960595,40.384618029791625,81.39
MIND,0.052489398259482574,306,10.370359992022102,64.34781860539269,79.61
FBL,0.0524471408889857,307,6.773001430555604,56.44859489889357,73.24
MGIC,0.052382017983732564,308,-0.4830936124831633,47.08522749141483,81.14
JBL,0.052363472290983086,309,-3.2963130522163424,48.1818122625723,78.93
BTCO,0.05233631731315579,310,3.3913882945785367,33.92438952318906,61.34
FHI,0.052334170975151965,311,8.10276361995162,68.9754862915785,47.66
IDCC,0.052309213417672494,312,12.595759059837885,72.16739075356253,75.19
TPB,0.05227997241955848,313,9.59793701675296,67.13436664312933,77.15
CKPT,0.05224523342009808,314,3.3980666798915684,82.14283281449036,83.43
ESGL,0.05222347602412863,315,-11.612900199056448,32.52031937240466,84.96
STX,0.052139042924022126,316,3.593412091446542,57.947295552175994,79.27
KFS,0.05213688788517876,317,-19.372360273184817,33.86075147125402,77.32
KURE,0.05195065815880966,318,12.725163570946965,72.60636638440278,54.97
AVGO,0.05182282346175547,319,4.89135196268245,59.7721884789741,75.62
CMCL,0.051778109021149724,320,-7.491859597482868,45.04416007876468,81.31
X,0.05177025509832263,321,26.67475160256631,51.29310439325539,67.88
IRMD,0.05166735587864231,322,7.0711957699574555,80.13393452682689,47.58
EWY,0.051627157556100686,323,-2.8198012495416593,36.42175976443957,30.59
AAMI,0.05152199865732238,324,5.321979517167761,49.64540446166319,74.0
AHR,0.05148810137228628,325,4.909629646094468,63.71304519280685,77.06
MLCO,0.05148363469463743,326,2.9205606044957944,49.3671046524191,76.04
LINC,0.05143514515098245,327,0.2611025869723604,54.295532871287385,73.07
COGT,0.05132070672563635,328,50.39577484529211,55.47702251412817,72.47
AMD,0.0512847300639593,329,24.501480957770852,74.25686064254413,70.86
DHX,0.05127337313760372,330,-14.657982327979632,39.83050864580476,74.85
ACMR,0.05126993943349353,331,6.005034550033404,53.07950158632382,75.02
NNE,0.051223435188596456,332,1.1306190455652585,45.80376012985584,80.63
MASS,0.051144926353375815,333,-3.4586468537603556,43.47826898210431,78.76
TVRD,0.05111547412590744,334,16.651833619407334,40.78212171446003,83.26
PMEC,0.05109332762197575,335,0.0,43.28859919529757,83.09
EWO,0.05099716195986227,336,0.1708207594075555,42.85715212510109,41.55
EME,0.0509078223107096,337,14.153359956420347,75.82449000654097,73.49
CCLDO,0.05087743900087843,338,2.7550969268819068,59.99998410543825,60.58
ATRO,0.050824258619123486,339,4.995394422498927,40.77669813019689,80.54
CYCC,0.05076571338239768,340,174.5763556591966,59.385066858507415,79.1
EPRX,0.050683351322791066,341,-2.4118671766966577,41.6918490659903,82.41
LTM,0.05047632511797234,342,2.394636111573688,56.4444463282464,73.32
BITB,0.050458210598782686,343,3.4129098771350646,33.934694586503355,61.68
ARMN,0.05045775079539485,344,1.719196063483831,46.99453096276577,76.3
RCL,0.05041410889489355,345,-6.048197297851388,29.910323144767858,73.66
AGIO,0.05025471984695447,346,-2.9664532960274905,29.080114327758437,8.58
SMCI,0.050244521867484154,347,16.639204670207413,64.03901005105433,72.9
WWD,0.050159764551948136,348,2.754225373660128,58.722636836479495,73.15
SLDB,0.050128350565782916,349,35.78528108980512,77.41934677564956,72.56
COEP,0.05008789091205948,350,42.175070573797,56.416280159948656,81.22
TME,0.05007920414954989,351,5.549855508042817,48.727992233244535,77.99
RYTM,0.04999472244149551,352,34.255751191476705,46.656182000990434,78.33
CX,0.0499556594198996,353,16.182567031399824,72.36840344092282,68.82
DASH,0.049944886938562714,354,4.003523215450403,56.730300993352756,75.79
KEP,0.049941741938846686,355,-1.7950618786271455,43.449783705276964,79.69
CVAC,0.049933167638957776,356,-0.7339442798699993,44.18604135385871,77.82
LMB,0.04988120729954915,357,-10.536194063165047,32.36651919753096,78.08
NUKZ,0.04985669390087416,358,5.174274301132861,54.537526171954326,69.58
NVDA,0.049841777193049296,359,9.024730270684067,63.53434402232532,71.11
BYON,0.049765239716727146,360,8.366528818726211,53.318333434261184,67.46
ARKQ,0.049757322153793034,361,6.5675363878816295,52.83841776362807,65.68
REVG,0.04968289711620851,362,-3.741295657940765,49.52251193590059,75.96
FRHC,0.04964126670618533,363,27.09830171053227,72.35764787430683,76.38
BBIO,0.04963047174626956,364,7.683557909643102,47.49608679611585,76.13
VSEC,0.04960358437319897,365,14.300228863948169,66.08209928475713,64.23
SANA,0.04957082262449799,366,22.570533407375144,44.06130810688059,68.39
VRT,0.04954028055165809,367,10.755632348156304,70.83229541674878,71.79
INSM,0.04953922469488584,368,11.134968353615719,72.28048984130251,74.17
AXIL,0.04949986092990391,369,78.94736943711305,93.43891500345437,79.86
AEHR,0.049459051757610464,370,7.94871628715523,59.72584977077891,72.81
WILC,0.049420602142396346,371,11.0761191331005,62.57089010460853,80.29
CRPT,0.04937134913089139,372,-8.173691336747723,23.014570977679014,61.17
AFRM,0.049362968213078395,373,-4.017919758929225,57.46836213190557,75.11
CCL,0.04931812732262782,374,-2.970625556893614,47.32333942160346,69.75
OPOF,0.04927965973944593,375,-1.9911538033788014,40.835251008992415,76.98
DXPE,0.049242245026455356,376,19.938943221187973,75.349084364247,77.57
DY,0.04916181145345571,377,5.202383046386376,63.401755011384836,71.45
COUR,0.049058340537884174,378,42.00700711394326,82.54236575825168,74.34
ACAD,0.049035011430950175,379,12.315034986872526,68.22224435689476,71.88
WEBL,0.048959807647398115,380,-6.091029939565516,44.57274389345453,55.65
CW,0.04894824659115736,381,1.149657835016208,55.368437226998964,72.05
ZWS,0.048926680790510116,382,19.755052975641494,83.93965128861957,50.89
WWW,0.048877959676477914,383,11.133396458855268,69.68010927329497,68.48
PRIM,0.04881343226990248,384,7.59060367686204,60.73033898094408,67.54
NEXT,0.048743818124931816,385,21.444200924771916,47.826088458844644,74.6
EWP,0.048698115134331976,386,-0.291155797698879,51.95652570526312,44.44
UI,0.04867809372537124,387,0.7500513401007972,54.97761782461398,74.68
BTC,0.04867248959284027,388,3.38772855777257,33.9563872800657,61.26
BFAM,0.04865480020976127,389,3.748545840461517,70.10689932966754,10.79
BTCL,0.048645251459383164,390,4.6469438486119845,32.57704517545004,70.43
TBMCR,0.04860074872976652,391,4.93507118807387,42.12329120148587,80.03
ONLN,0.048594674065233164,392,2.805729013887476,57.21650498113101,32.46
AXON,0.04859289860902333,393,-6.6639024321376334,47.404532713397224,76.72
BBW,0.04858052761773775,394,-8.337972128127916,42.32596137682689,67.12
MPWR,0.0485611450652631,395,3.556361376647504,68.8405745408631,19.12
TMQ,0.048526385493237074,396,17.77777817023634,35.443036064584234,78.84
USAR,0.048504832486391494,397,40.38267021117213,57.6781761371587,51.23
WTAI,0.04843853998911955,398,-0.5244092913034446,52.85714977723364,27.53
DCO,0.048417063265754984,399,5.499938720446992,53.535364725295835,70.94
GRFS,0.048301153770181855,400,18.722465017062135,72.4575918456083,72.13
ARKX,0.04828659962031774,401,6.769740540013193,50.455922734452294,68.9
WBD,0.04821042470790531,402,14.705878603042255,64.33332305484674,73.92
FN,0.048203792665083296,403,6.970748757770119,64.3844222576923,68.31
TIXT,0.04817018786905379,404,-1.3404812884881412,46.666669694204316,17.25
GDMN,0.048114621484218814,405,-1.5947924491223502,48.41832091869487,60.75
FBTC,0.048103793480019794,406,3.3630244279712245,33.917213831063364,61.6
SKE,0.04810156157232606,407,-9.102399545901525,26.37615045125621,76.89
IH,0.048004692648903675,408,18.000001907348633,67.28110538320567,78.25
TGB,0.04796440864734605,409,-6.948641179744131,25.531914353964325,74.94
GSIB,0.04794379909337847,410,-0.2579235878176523,47.93000371212163,48.85
U,0.04783280968388375,411,0.2686097323820011,56.189449630284344,65.25
SAN,0.047758037722213646,412,-1.754392618226333,47.619045216241716,74.43
YALA,0.04773783703883573,413,11.521421152228749,49.420854396716116,75.36
GHLD,0.047659835067174396,414,0.20182096944121553,70.00000000000178,75.45
SLSR,0.04765041627788657,415,-6.382977153505408,34.259261167044656,77.66
RMBS,0.04753721059937779,416,9.89528658803608,67.1552135915037,64.06
EMX,0.04744568787558751,417,6.181820956143466,55.813959290876916,75.53
PZG,0.04744024201918326,418,-10.555559970714253,38.83494892807107,74.77
MRUS,0.04740796308053234,419,21.81344840271069,79.58333058962734,69.33
PUK,0.04737824068996584,420,0.5627061966217389,48.26500681409991,59.22
EOSE,0.04737595733108456,421,8.46457306365626,52.84553649240006,73.75
ERJ,0.047345921305265236,422,-6.850213493638139,59.82053055455138,72.64
TCI,0.04731719689338698,423,-10.966878899755239,30.68667446251426,66.44
ARLO,0.047304036428675623,424,-10.454546094925922,41.538464924282046,65.17
OSK,0.04729436326853654,425,5.096203404168176,63.442754626127225,53.61
MYRG,0.04723924793868709,426,-0.7623900911584981,50.3781260605623,60.15
GFI,0.047210156832677284,427,5.743798949697228,60.75949901916403,65.93
DLTR,0.04715750039620537,428,12.569911783210511,69.734315843395,70.69
JBGS,0.047122051756610536,429,22.495607622958623,74.84663198854186,57.09
ALAI,0.04709209586364582,430,4.302476146330194,60.77201450152109,57.01
GENI,0.047009153763992784,431,16.218906303540372,64.91228290321791,63.3
TOST,0.046979398871153995,432,7.067457289922932,63.247848120132645,69.5
ODC,0.04697641155448313,433,-7.011442447456083,33.20825233963242,72.22
APH,0.046949264450177684,434,4.876330704569926,60.89266349788693,71.2
SOC,0.04694109725290485,435,27.397853071971607,67.20080060874689,71.62
BITU,0.04689943832029863,436,3.012052562105707,31.391861639673238,65.76
UEC,0.046825901883575105,437,30.966770788119636,82.67149058487283,68.99
CANG,0.04681525595689777,438,-15.267170779417668,31.862741889790712,74.26
UAN,0.0468029822718966,439,7.590239488177699,68.39567618010729,41.63
WF,0.04672351519161541,440,1.4798737085315388,29.344906968252303,71.54
EM,0.046693420409738895,441,1.754384313814067,78.57142857142875,45.45
BASE,0.046684776740804616,442,-0.7371019844939274,39.393921879154284,64.57
TRS,0.04667663961284267,443,16.516513076412142,77.50000113532687,66.53
SHLD,0.04667391090392107,444,3.011848798563982,47.75353802458253,70.09
ULS,0.046655946873584854,445,1.7260911367225704,46.69654635053209,55.99
NVST,0.04664957296508479,446,2.157923233097245,56.711399730795115,25.4
GBTC,0.0466191842883588,447,3.276402584899507,34.04997630498784,59.56
CEG,0.04659364503433358,448,9.263172912195719,59.716009284466175,66.86
PBI,0.04651667505484828,449,-2.00348041295761,37.313428586882544,68.14
PRA,0.046482930254922686,450,0.1269601680533218,31.578894532896626,68.05
AHG,0.046434453478821,451,39.02439118944509,52.24551075859117,75.28
GDXU,0.046357399512188244,452,-8.89328045362228,44.99773777535246,66.95
SE,0.04626691093770362,453,3.171208573260868,53.408351502164265,73.58
ZVRA,0.04625504764789819,454,14.065707574465419,24.850295981661986,71.96
SLNO,0.04623015536329162,455,-0.7501460062695748,60.424702937218534,72.98
YINN,0.04622902315569898,456,2.919526640513538,48.20231517954299,60.24
SII,0.04616739160518267,457,-4.762588555864257,28.58224507892291,69.24
MTSR,0.0460391964373423,458,18.47198127598965,28.647882166043118,50.0
AVXL,0.04595714241876072,459,3.7998132424617523,47.734630453592416,71.28
PRM,0.04594406984501475,460,1.6244314127547586,35.82884523341731,67.37
ATAT,0.045879320690045286,461,-0.9766256943279438,30.17409622330358,70.6
PDEX,0.04587357088405038,462,-0.9828549220045322,52.72638532125084,71.71
KGC,0.04583903910020522,463,2.206806023782329,56.88887702094184,68.56
TWLO,0.04577086570958655,464,0.7400075196512262,53.62162427435649,67.63
HEES,0.04571797090687752,465,4.3209855778206645,48.258715909737916,75.87
ONC,0.0456999099149042,466,21.80129662099471,79.49655769639625,64.49
PWR,0.04569188438380124,467,2.2405638775980723,55.16370755417538,54.8
LOUP,0.045675919911499545,468,-0.25711047499448453,52.35703532715439,41.04
ENVX,0.04561480112311555,469,-6.0140509128102915,26.30630488210295,33.9
SHOP,0.045519537297494764,470,1.7851028930478943,52.701920915776476,63.64
BOSC,0.04550613191534436,471,-2.7944179027313156,46.22641679187397,72.39
HERO,0.04548859791984096,472,-1.9855000625764248,48.355258410991844,40.95
NUGT,0.04545192048999786,473,-2.9806076544979665,48.98532407770214,66.69
EGO,0.04540162457459112,474,1.1073641654656585,55.33768574305319,37.13
BTFX,0.04539836126782675,475,4.341347209739348,32.435843033628785,70.77
VEON,0.04537294424561533,476,16.5820999204333,41.57245091126361,65.08
MKTW,0.045332468844778435,477,-7.3536734876724115,53.70121790463312,64.4
TRFK,0.045236009103918194,478,1.1373144250934215,56.40049814477385,49.28
CCB,0.044992124267069875,479,-9.95907322858022,32.60868642189966,54.72
COMP,0.044881767492977065,480,21.806854808880402,73.85892937169268,48.0
BUZZ,0.04478205683301114,481,2.4638632944860395,47.12261544261464,57.69
KNSA,0.044744160949036035,482,14.705884163868072,64.99999820061487,55.56
REZI,0.04472220274370711,483,5.564784704458008,58.13528610489612,52.51
FSS,0.044713783608590484,484,10.632727395930452,69.84558271055516,62.28
VIK,0.044700632867733466,485,3.786516991498301,50.7152183057789,66.02
BH,0.04465260908925773,486,3.093103869207974,53.39900038739751,69.16
TV,0.04465127379921469,487,16.23932172560851,73.55370158406382,64.74
BBVA,0.044619919571083674,488,6.589889478116835,70.94972111685394,70.52
NERD,0.04461553961884267,489,-2.114042132575537,47.64939464622894,48.94
IBIT,0.044559464129261164,490,3.264194627465894,34.159993994136954,61.09
BTI,0.04453559995213648,491,12.339804204635229,72.90715531982224,67.29
DAIO,0.04447271370979491,492,0.0,52.1739231841516,40.53
TMDX,0.044331577394810126,493,-6.687823536164958,54.252613752677135,59.3
TEL,0.0443136150002796,494,15.85862668791989,80.61832042232562,59.98
RL,0.04410874764116114,495,4.989096735957366,56.55873005238404,63.55
GE,0.04409259843955327,496,9.113739288315456,59.195428414717625,68.65
DEFI,0.04400555666031413,497,3.2630529563426167,33.8074527595527,60.07
GREK,0.04396984765706967,498,1.0381763550095686,46.79144671382681,62.87
APEI,0.04395032749352389,499,-2.7805305219985934,39.00000524521122,70.01
CNEQ,0.04393653161320972,500,4.386050269942836,62.345669709631096,50.98
AEM,0.043924453806456334,501,4.297854212091822,59.978855052189815,58.28
UFO,0.04391600716784545,502,-0.04071642527518626,44.62781246902567,66.36
CMPO,0.04386830838236833,503,-6.599329769267347,43.181813871566646,58.79
CHAT,0.04379392701748371,504,2.3375012896210903,60.53811761472461,55.31
ZDGE,0.04372562331531021,505,-2.0356275003996505,37.41936456400028,67.03
LLYVA,0.043674120442048776,506,0.08756528982536188,48.648661761530825,63.89
PSIL,0.04366589847927385,507,11.668978314277568,60.057524023814224,63.21
SIMO,0.04363315949852824,508,2.1521195868113145,62.36889765780759,59.64
SENEA,0.04361532418528914,509,-2.973452913232164,52.07741425615569,69.84
SENEB,0.04353061581513353,510,-3.2317788061929447,82.05101871142483,71.37
SXI,0.0434738939875744,511,7.449583098402879,73.09694347969749,15.04
FLEX,0.04343932852105817,512,-4.198100651184842,40.687024345640836,64.83
DNA,0.043389045468725455,513,-4.166671977352935,62.2149849275953,60.41
ESE,0.04336787723421757,514,-2.330328545201969,47.634563628416245,63.13
SAND,0.043220285797901,515,-2.0768411930257775,31.372569185703327,68.73
PPTA,0.043211087671056636,516,21.718184988163088,54.032256327857084,69.41
XPP,0.043207684304142485,517,1.9999990657884246,48.56711494639429,53.19
CALX,0.04305824937001529,518,3.9495662081626457,77.05246857681023,66.19
TIGO,0.04303929412672349,519,6.464371634838251,56.562197714991505,67.8
CYBR,0.04300874509317385,520,3.821845185361604,66.76340115356288,54.89
GLW,0.04297545115587463,521,16.987176029432433,81.91566000271582,60.83
BWMN,0.04297396717549607,522,12.844659151217025,62.21153659228133,65.42
TAC,0.04294789835734297,523,12.556871184543361,66.23376998691278,57.86
CHEF,0.04288188567268368,524,5.4426018407555485,54.12934211105662,62.45
NPO,0.04283039499622217,525,3.2564369101330035,60.0950010536687,53.02
COHR,0.042706075936300956,526,13.080307139778647,66.55987959184424,55.73
GTX,0.04268911988114749,527,17.18182130293413,75.33784567482792,65.0
XAR,0.04268910371844565,528,2.560669262941963,47.224792953609494,52.68
OR,0.042566925350108656,529,7.337686504142201,56.07940059094668,64.66
IBEX,0.04254389032132343,530,-9.402544040730955,34.98622821130685,56.84
SGDM,0.04250618707271478,531,-1.592147364297845,49.28523698403104,58.03
META,0.042405731431929314,532,4.311483787284831,58.06398998910726,53.44
SXT,0.04240034241425676,533,3.531044953395996,58.71417258619263,60.92
ADNT,0.04239882911310288,534,-4.378907859631733,32.90322977595841,52.93
BITX,0.04239150313949138,535,3.414812269448717,31.776852091511145,59.81
NG,0.042385635260073475,536,16.592920424001072,57.08661557751634,62.36
SMMT,0.04236942847656213,537,10.26476796772968,56.24532703047433,66.27
OCUL,0.042339893947957515,538,23.90852617563408,63.26529420648872,61.0
C,0.04225670451881213,539,7.999071739434216,68.76682669098875,62.7
CAKE,0.04225179572536825,540,-5.053266414521166,45.7371182401982,58.88
LQDA,0.04224356082163393,541,45.036923000614685,69.41747640235232,57.35
LLYVK,0.04210363422337404,542,1.1763252999545846,53.0460614806808,65.51
CELH,0.04209652935528199,543,-3.951890245526067,45.58303378864126,63.04
PPLT,0.04202219283366284,544,-4.06744155563076,43.33859260686791,58.96
AWI,0.04199391812738263,545,12.381522666146592,77.37559225826159,56.67
BETZ,0.041935423533296365,546,0.922428972057463,48.78976942964169,43.93
POET,0.04185834794005052,547,-6.412476374040985,21.022731582979958,66.1
CLFD,0.041838050232210884,548,-8.147645525591098,46.79213069561268,25.15
BPMC,0.04171286047855727,549,1.0459035652116746,86.48653107009122,65.59
MOD,0.041703580705406994,550,27.89362519355374,86.75542408025248,53.36
NIU,0.0416287208720771,551,4.464288691983835,54.5454509629058,66.78
ZLAB,0.04154350291469434,552,1.1538410751074037,57.937502861022956,63.81
HODL,0.0414672017031131,553,3.4917491293289658,33.99999364217527,62.02
PRLB,0.041453876594421624,554,4.906486634938349,63.89925495955243,38.4
BCS,0.04142648882209785,555,4.600219836028583,56.28416354203848,62.62
FNGS,0.04141616239967805,556,-1.953003908173009,48.364183730611785,30.33
TFPM,0.04133881500004632,557,-4.675213724450544,42.02129332498699,52.85
ROK,0.04128026936867224,558,-0.7404867231347805,51.51376003390078,54.04
IMMX,0.04125440674556974,559,3.9215743106313825,37.75510477155737,61.43
ECNS,0.04117248147866649,560,7.194467526445673,58.747264626011756,56.92
KMB,0.04116282053303673,561,-1.1201905708718345,58.97291607017153,10.2
SPTN,0.041084191995314365,562,-0.26315674368554676,45.71444141689347,59.9
UPB,0.04098231784115931,563,38.750002022300485,77.33142981536886,50.0
RYAAY,0.04093134998941628,564,7.474048013575571,66.98112528534091,62.19
METV,0.04092510535569066,565,3.807847862629777,54.09251098929443,50.13
FNGO,0.0409129299078206,566,-3.300421883734681,48.07076835039819,57.94
TRMB,0.0409081630894245,567,4.766737154098396,60.77740349685321,55.48
PBPB,0.040855602778672784,568,-10.101807903562545,29.431421699320722,58.11
SWAG,0.04085261804167483,569,2.0979085104515445,53.72208878963655,62.79
ICCC,0.04083543231334865,570,-6.2500013969838415,36.9791607165475,56.07
GEL,0.040832992021171244,571,-2.5758378550526344,51.10024632310765,57.43
CTRN,0.04082544659655092,572,-11.714720852732428,41.93103607939722,57.18
JCI,0.040790406391541266,573,-0.21553343595945088,50.57054171784576,58.2
NXT,0.04077622519175121,574,-14.688581243217422,41.44191523026969,60.49
PINS,0.04073986518927581,575,5.829590803158415,65.66900249701473,49.02
DUOT,0.04069617686235026,576,-17.565867696172276,40.64171559346453,64.91
RBC,0.04069412929577457,577,2.8847864228935935,69.93612434278586,46.13
GS,0.040647174247224825,578,-1.9497547941585793,48.03664299106735,51.15
WDH,0.040645658246154376,579,18.57142820650217,58.19671578511261,64.15
BGC,0.04062357708234892,580,-12.626735401532047,26.153824334066044,11.89
WTS,0.04031927943632912,581,1.4610818385499458,60.17354087740604,44.6
MNST,0.040268056363537065,582,-6.436273391628615,46.198843455072016,19.03
RING,0.04021909688689088,583,-0.22436274356247365,50.83160013085761,51.4
MAKX,0.04020019351002145,584,-0.1062366945773907,45.83539126238458,39.68
LEG,0.03996904514373823,585,-18.30131806657341,25.384611998789097,1.36
ULTA,0.03992961923537477,586,6.266351724806168,69.89505798857539,55.9
OMAB,0.03991827952979969,587,-2.596800279427194,32.512301940912394,63.98
FENC,0.03988424116355248,588,-10.909091106131052,27.053130748828295,56.58
AWK,0.03986450720192544,589,4.048552692176572,55.25497381986388,15.38
OND,0.03986391591710959,590,-0.5875689384878261,47.18235909515514,48.51
WPM,0.03979597432002986,591,1.7005310921424488,51.86508948265897,59.05
FSLR,0.039790769733048924,592,-0.5728787578159752,71.0387523823641,23.28
AAP,0.03975043205860912,593,2.11158499640072,27.772470470289036,56.75
ECG,0.03975006336238628,594,7.688757251788271,53.779801960882224,50.0
AVNT,0.039718715969332595,595,-1.8588422421600383,51.144168904636516,3.23
SEPN,0.039686348481212656,596,7.387864213215746,52.06611407404808,50.0
LUNR,0.03968397504537724,597,-1.6682141409838223,46.916889840517776,60.66
NYC,0.03966729212749374,598,-11.418922380255076,25.06234455974723,63.38
JOYY,0.03959284775424555,599,-0.31570609007231815,26.063117795115716,56.33
SPNT,0.03946612051653475,600,-1.1111076860180538,65.67654708937954,50.3
CRWD,0.039408605161143695,601,-13.118065576051519,30.14528486153172,55.4
OLLI,0.0392820415569295,602,5.454545242603101,64.75903268371576,59.39
BHST,0.03926335934546052,603,11.420291245221522,63.620839864734585,63.72
CIEN,0.03924174377722074,604,8.908823107259934,69.95019149485044,54.46
AMRN,0.03914431224026244,605,-9.384337942512305,37.500000000000036,53.27
PI,0.03908842565358722,606,31.98687844239715,83.33886481373875,34.83
ITA,0.03908708372493832,607,4.773626319067419,55.709699246100016,51.74
NVNO,0.03906485687119252,608,22.05513468468665,59.385111570630535,56.5
NFLX,0.038993029517387534,609,-10.683179850673302,28.28872224874948,57.26
HEI,0.03895423161311957,610,0.12935685243063894,56.052702333645954,54.63
TD,0.038943049155464614,611,-3.2924469499251554,38.40126853838261,37.04
QURE,0.0389309456051396,612,-5.0277418698603356,44.025153544236446,58.71
NTES,0.038867446917054696,613,-4.170122913359245,44.80962911681318,55.06
FWRD,0.038856073640867655,614,10.150945411538178,58.07454139716648,39.93
PLTM,0.038847565366253924,615,-4.075471410211527,43.89534867602856,59.13
BEN,0.03883410294216415,616,-3.7379358086702332,34.79730883508077,22.51
DG,0.0387732226870698,617,-4.890019981779313,36.2955952893283,43.08
ATFV,0.03877040519366932,618,5.013783255529898,64.18014890113821,54.55
MTW,0.03867386182630999,619,-6.444098729280815,38.46154574288513,44.86
LECO,0.038670534063894105,620,11.494359511126117,67.50095403907636,46.05
KAR,0.038614856395671936,621,-5.697671925675515,33.72091475919326,57.77
TTI,0.038525321512565096,622,13.529405494874897,63.44827302712712,36.7
MLTX,0.038499180753837944,623,8.242992083469229,55.953746493457466,34.41
WRBY,0.038491811648608654,624,6.115110720988939,58.550724958176566,53.95
FDP,0.038464428854045975,625,12.556594365509245,68.12181463293727,44.94
WOR,0.03836303900146504,626,-5.876052398239227,30.76919852322503,58.62
SHW,0.038324713267892545,627,-2.99152438923464,48.566170832694375,8.24
CHN,0.03820678976326922,628,5.102040882526331,60.67416211930033,57.6
VNM,0.03813964117747359,629,14.255012648139745,59.673017300989514,58.45
CRSP,0.03811158159452775,630,7.513900941587528,49.47200310937538,52.59
TSM,0.038080580166567506,631,0.17461825246186066,56.23095195866639,51.06
MQ,0.03807936581726158,632,-7.058817023872472,30.95238095238095,49.7
BWFG,0.03805505150466322,633,3.248810148988813,54.07166164253177,47.41
EXPI,0.037838295145356145,634,-0.9463738214701853,40.17467648992871,3.57
EMR,0.0377762502151443,635,1.4453379735659155,54.459217458150505,44.69
IP,0.03761036487075991,636,-7.9714464275961685,33.29433072279235,8.5
DGP,0.0375580991457752,637,0.9635270531461343,50.83270669526675,58.37
BAP,0.037554651652729185,638,4.07040704070407,76.29009354784294,48.68
QTUM,0.037530783057835714,639,-3.3137423863048685,40.512804060240164,47.75
MSFT,0.037501986361470355,640,5.06575038072031,68.97600832105472,39.85
UTES,0.037492792565845735,641,9.437991388592511,76.17820728393868,52.25
CG,0.037467888711717856,642,5.4039466432753365,48.98436689749553,47.07
CAT,0.037438007467747884,643,7.748961500262803,67.0434467274145,40.7
AIRT,0.037374378897970253,644,13.582588515016647,62.41722450325227,57.52
RZLT,0.03732016387750428,645,21.784225653580982,61.7021172982457,51.32
USFD,0.037271986458261845,646,6.197399545816549,55.680815106844484,55.14
STN,0.03724104831746043,647,-1.5671670777283189,34.811957498966265,50.04
FLUT,0.037118778948105724,648,6.607368130504267,55.33175201220703,51.49
GPRE,0.03709605120855125,649,12.89398413908452,49.122808118275664,41.8
NEM,0.037057222100726955,650,4.490815623012648,54.87603083450172,54.29
TDS,0.03694031363068791,651,6.85585449915085,41.24235603790461,52.42
NTRS,0.036789266667617365,652,-3.523158312199455,50.96570321387837,52.76
RMD,0.036720564139237584,653,8.655051950311547,78.42735417465539,30.25
IE,0.036632224168830815,654,2.457270345587743,46.25228611627854,54.21
STVN,0.03660535234564836,655,2.155350481320472,47.02582176508663,34.49
KLAC,0.036574977428842075,656,-4.10348501374971,40.439976859027354,37.89
RDVT,0.03654797794215564,657,-15.6616894166861,22.875823837726244,50.55
AKRO,0.03654173986739568,658,-6.567513030355839,33.63364034183333,52.08
MODG,0.0364628741307923,659,-10.572687733626596,39.195985558784784,7.14
DQ,0.03641241944401382,660,8.904112617583825,51.80723038143878,53.78
LRCX,0.03639278466219217,661,-2.4693805002523312,40.886140079725706,35.94
NFG,0.03633670165200814,662,2.8975210401779448,59.30736550302809,45.96
BK,0.0363042534426094,663,7.984417644759791,71.15026936436807,53.1
SOUN,0.03630115108690131,664,-8.836794250917643,38.98026176478062,56.41
FFIV,0.03619864096378303,665,2.432275238798291,62.98395292396213,38.91
SMTC,0.03619651135548363,666,11.819802004962,59.98755653208478,49.79
AGCO,0.036119383108260204,667,3.5642696179418754,57.70128204101003,25.66
SGI,0.03603404709340094,668,0.4452479234661463,50.99458078330308,48.77
ROKT,0.036012689608518667,669,1.6343852922642237,51.403072395732984,46.81
MEDP,0.035953821515416026,670,31.598754692967535,67.3806401060231,51.91
INDI,0.03594799897851808,671,0.0,48.31081271563385,46.47
CAE,0.03587615018358457,672,-4.451938319753882,30.169482539347882,53.7
PPA,0.03586243465248087,673,2.3561030799268448,49.677432057281244,38.49
GTES,0.03581417261725882,674,1.3744269910880358,46.4751880208484,48.34
PTGX,0.035812066302524634,675,5.445646690580074,42.44060951178829,50.38
DK,0.03573860465576159,676,-10.203194071039958,15.41400407225089,50.72
ORGO,0.03573232715844166,677,6.117652444278493,50.377367181938766,29.4
OPY,0.035725125250099785,678,8.130444753082633,73.3286085899057,42.06
TPTA,0.035677891251997225,679,8.738829603870004,74.77645149301212,46.22
WNS,0.035600687582395145,680,14.438670599535305,57.64691098724543,56.24
GCL,0.035456124130905854,681,14.705881940452295,70.0000047683716,5.44
PGEN,0.03542559421869276,682,3.0864168005624912,36.53845823199111,53.53
BA,0.035311332805474466,683,2.7695423204200287,36.55108734875284,47.32
RILYK,0.0352922339940892,684,10.750611436868985,67.37015630970146,52.34
XYL,0.03528590481696279,685,7.484120039192065,70.75155017038315,21.5
VEEV,0.03520599979854942,686,-1.0341560916804742,48.93715122767857,51.66
FOXA,0.03510584843605646,687,-1.2622205946180556,46.067424559558695,39.08
SCHW,0.03491208700119089,688,4.427192035139249,60.11438100972022,46.39
ANET,0.034899217781788214,689,14.680065884274166,67.10036025478198,39.59
CAH,0.03481618408180874,690,-5.414414037679487,28.331962012076914,49.62
SPMO,0.03479461356171773,691,0.6399441889898035,51.00671370040366,31.35
ARTY,0.034743083978662395,692,2.324453031977786,60.082290637281396,34.32
WRD,0.0346649497671465,693,6.265347097016676,50.46234939000115,50.0
IVZ,0.03462244473402116,694,23.191877909618785,73.45768776718624,48.09
MCRI,0.03460023979683815,695,13.041540221710424,72.1518944555559,49.87
ING,0.034525692874336336,696,0.9333292643229166,51.54927867244138,41.72
FET,0.03449758011387196,697,-5.743594047350761,36.930855260597404,24.81
NWG,0.03447727068581737,698,2.2321443459919177,56.363619339385295,47.24
PJT,0.03436996099487953,699,6.262244301842703,47.132074319579736,44.52
BFH,0.03436973967820337,700,-4.7019868888100405,39.527175461822324,19.63
ESPO,0.03436285682729731,701,-0.018843511464645347,54.50365481493117,50.81
FOX,0.03434758169786448,702,-2.0088872055850646,44.04039423216975,31.61
PANW,0.03433797537516052,703,-14.339511144162662,33.074011190162125,8.07
AUMI,0.03432780147793266,704,-4.069516709499141,42.06130365384376,49.36
OSW,0.0343105498465403,705,1.8700399125419376,54.76925749471518,32.63
SPGI,0.03428822490668042,706,3.0305296797443395,61.228325649535925,18.95
WYNN,0.0342650309257603,707,2.1774146658736218,38.45576208178437,46.9
VNAM,0.03425212692020208,708,11.767694392261612,54.78700043917433,50.64
HLF,0.034211084354637926,709,-8.416826026480422,43.23040901971819,45.11
TREE,0.034180489612105056,710,27.63158762372793,75.27984372556321,15.63
BMBL,0.03408416868191817,711,16.589859995927476,63.58209864497071,36.36
BNGE,0.034061344557381586,712,2.464651917067825,55.12984624439048,54.38
TMAT,0.03398420109276594,713,0.8210513466282895,52.716379171115236,45.71
BLDR,0.033975956600090416,714,2.3266714562776087,49.032104603454094,6.46
NVMI,0.03384179668578465,715,-7.513336715369921,38.15229760538801,48.26
NCLH,0.033837977131338494,716,11.46497047427726,57.85440519695391,35.09
EPOL,0.0337801110999002,717,-3.412550098412682,44.977177102376,41.89
LVS,0.03369877543693861,718,8.378260055073405,63.23335883094289,42.48
BWAY,0.033629919347638766,719,-13.368576545978843,33.260420083823135,51.57
LANV,0.03355605530523012,720,4.01785329402407,39.77272758060238,49.53
TENX,0.03341296397340417,721,7.056796066265757,72.53518856557989,52.0
CIB,0.033300502704976594,722,-4.274248674725839,45.714287129757615,33.81
ZG,0.03325663196619075,723,9.742577643822393,54.43841449803978,46.56
VSTA,0.03325523219113225,724,-1.0526333401187353,61.58038341854468,53.87
RTX,0.03323026213944021,725,7.588334517045454,68.05754574342116,45.88
PLYA,0.03322356506369388,726,0.14858472535419684,50.0,54.12
STGW,0.0332056188951682,727,22.368420915040062,69.23077393330595,6.37
J,0.033159731361665085,728,7.469131899585813,67.08989362237999,19.54
MYE,0.033146743219580756,729,-4.314231087019866,44.86802649705982,35.17
GDX,0.033121179473910536,730,-0.8693991415597316,50.0,44.1
PWRD,0.033073693735107434,731,4.405048660231978,64.06931034931114,47.83
INTU,0.033067412201834,732,-0.5751678302574682,61.147119437285426,42.99
AEIS,0.03306693193077371,733,-2.0920800654535117,37.97763184473384,32.12
KRMN,0.03304514320462946,734,11.5504236118743,51.70958509971754,50.0
MRCY,0.03293495302691963,735,1.4388447586593924,54.182143185079,49.11
NMRK,0.0329347707541308,736,20.86330622641829,87.28814084422811,30.76
NDAQ,0.03291549595557956,737,5.662261009660217,70.54434378122028,46.73
GILT,0.032907467737629655,738,1.9417457107472744,49.01960173219537,50.47
AZN,0.0328644152398036,739,6.479481926188763,55.83113543571919,11.21
MRNA,0.0328276806290382,740,-9.462119549160082,31.441672668167996,0.68
FOSLL,0.03281887155590268,741,5.15283998948987,50.259072478033445,51.83
UGI,0.03281519168163017,742,1.836151647356469,47.07259723018814,46.98
CSV,0.032767030531791544,743,-3.6026404438417767,36.45008125126955,40.27
PLRZ,0.03275154475461851,744,54.82955103478405,57.698114776917,50.0
LAUR,0.0326726665377653,745,-3.087984606953866,39.99999999999998,46.3
DELL,0.03266145532620166,746,1.6770471599180055,52.51141679771334,37.64
ORN,0.03266042321878503,747,-25.520835299458707,36.069118941837495,12.23
RBKB,0.03264223841784546,748,3.5058438425911778,59.85914499744115,45.28
BWA,0.032588763769859974,749,6.228767785810147,61.21212989939837,27.87
EWH,0.03257713890944053,750,0.7932565533311805,55.09258155468489,31.1
TERN,0.03249295582743973,751,26.62036048225454,58.823521161986726,26.68
AZZ,0.032359503669092224,752,6.725553868218549,48.79455129909675,47.49
TASK,0.03235899031125452,753,1.48986883057141,41.86043416932072,30.84
CPRI,0.03234194607561996,754,-6.339579146769554,29.83424327589161,3.31
JPM,0.03232610543440959,755,-2.2398665144636825,51.07610473027288,35.26
SFYF,0.032279082713952634,756,1.487072021936663,51.55821725641918,29.74
MAS,0.032266907932661,757,3.6908777930245633,61.90864387140295,8.33
BPAY,0.03226172837914726,758,-2.62933750574062,47.2855784561035,45.37
IAI,0.032260201364492556,759,-0.419361180304511,45.65611693882751,37.38
ENTG,0.03216647799474318,760,-12.673125351904064,29.331235571797635,1.87
JBTM,0.032160292478812684,761,5.052581108540699,56.317572287172254,32.2
STNG,0.032149634212106655,762,10.83627418479831,56.55295405997906,7.39
WHLRD,0.032119461084387235,763,1.0638315860764902,40.95913293566894,36.79
AVPT,0.03211640446794265,764,-4.825025545930473,44.90001289368658,40.61
CSGP,0.03210392736051361,765,15.197266573470127,77.58618178709027,41.97
PGRE,0.03206393162265129,766,0.6633492613808493,22.377611184804167,44.27
ON,0.03202951129638284,767,0.38869474670343335,43.463105397317975,16.23
ITRN,0.03197152790716782,768,-2.0000023177907438,44.85666278121291,45.62
GRMN,0.031918288979063014,769,1.8438289222429831,51.345283041754584,27.44
AGIX,0.031902384788069754,770,-0.4755913808647228,47.52014956082477,26.59
MCK,0.03187142433683016,771,-2.8499930971638463,37.943919656553525,23.02
OSIS,0.03181873648827851,772,-5.565346646738146,58.84643735784249,43.67
IRON,0.03181371684486181,773,7.707764786672374,56.359877251096776,37.72
EA,0.03155230615142668,774,1.1006029269534432,61.76889542097258,19.8
AGMI,0.031526862582377996,775,-4.030015911818889,38.0344367535017,36.96
DIS,0.031512756733161576,776,-5.975809404926916,37.962952899928894,33.98
HII,0.03150585575666437,777,7.041409319374359,59.29753069909852,24.38
VRSN,0.031503824659297665,778,-7.316992061720713,39.15422239733149,33.73
FCA,0.03147203420917516,779,5.186113672235672,53.290864125938505,42.74
CAMT,0.03145340670374164,780,7.3999122430849384,67.76471306295952,26.34
GOOS,0.031447921492817735,781,-6.550579886946105,30.40752093375191,26.25
BZ,0.031433414866728314,782,3.955426486323939,53.22196062579203,41.38
UDMY,0.031372510931999845,783,4.005725593372359,59.16666693157612,8.92
KRUS,0.03130742837297393,784,-5.354782388674618,60.78896735740193,43.33
XYZ,0.03127479304097069,785,6.933403422813134,61.09498140116988,44.01
HACK,0.031236805502502248,786,-3.7942578137063907,47.2074605696476,24.13
VIRT,0.031155392970951618,787,-2.561220922573984,42.27026862067145,42.23
CBRL,0.031132159236047074,788,-11.737438391895125,37.7838241622393,41.12
LDWY,0.031103898841371044,789,2.669406930098804,44.5378127689721,49.19
CDNS,0.031051271207678435,790,9.228604965397992,72.24477626106882,38.66
GSL,0.031020258166892526,791,5.649084379877635,56.372551769532606,41.29
IETC,0.031010727348341423,792,0.5904736499494645,51.85567091395314,27.7
WELL,0.030971938024487375,793,8.817176699609016,69.9170848383173,39.42
NEU,0.030938660092863102,794,-5.075418085174372,34.63741951642021,42.57
ZK,0.030882677045545894,795,7.858247255284076,51.53061456189052,47.15
PFGC,0.03078175942644923,796,13.08652739280495,62.032885073306055,45.54
EXK,0.030751825242008483,797,-2.3622025071121953,26.506029979846446,40.19
CPNG,0.030741637470267823,798,-5.117204019675727,26.56640417914919,38.32
CNTA,0.030723744946282786,799,19.47405707568065,66.86745522855523,40.78
ODDS,0.03072355480464064,800,3.587095199092742,61.61776279998647,48.43
GL,0.030697355574075044,801,13.23433081584289,70.66167514440605,40.1
TIMB,0.030669261934648417,802,-9.002907183392587,52.61193233173674,45.03
EL,0.030650328418138615,803,2.614968060080277,53.01205773996855,38.15
CBOE,0.0306501950775443,804,7.09685720511369,66.3352518143257,28.72
FROG,0.03063509341368494,805,-0.19048055013020831,59.41064380265835,37.98
NUS,0.030621846781501885,806,-8.07175180348151,44.09449134246541,28.89
IZRL,0.030611544154272943,807,-2.8220045982093027,46.756958176416234,43.59
CBRE,0.030560682695290598,808,7.515023268642089,70.70508679153745,35.43
VC,0.030499186305252203,809,6.88455122088756,40.58185777202939,42.91
USM,0.03049689125815342,810,14.789944403005526,66.46757768050807,36.19
DXCM,0.030471878187477527,811,-4.40130412691088,32.544713177939656,12.91
MSB,0.030330061132384147,812,17.160003662109375,69.9288257133592,43.25
R,0.030234953640705692,813,15.449839593276932,81.65802501348698,40.36
IDXX,0.030226401497397148,814,-2.096859569936529,51.78726130839537,26.85
MOS,0.030193010614165388,815,-5.232092135736077,45.16557034219573,37.81
SFIX,0.030183839348933292,816,12.249994277954102,54.201676463198794,35.0
AWRE,0.030174056836119206,817,18.579236360943067,48.76033204409994,43.76
ETR,0.030173648024831863,818,9.460449430207522,78.2430093638601,39.0
EIS,0.03014788345754848,819,-6.088124345191538,36.48915142855635,44.18
IDR,0.03013241376048983,820,31.929548151898263,45.88969372865397,43.5
CSTM,0.030124156337353908,821,-9.203297486053005,41.66666832235052,21.67
MEXX,0.030120091713412917,822,-11.160129184427706,48.74025711366831,44.77
IQM,0.030108556246531262,823,2.888440018877938,58.845123039387666,35.85
PTC,0.030106406794901834,824,20.530745402875674,79.69502220950551,36.28
FLKR,0.030076958427735744,825,-3.1527918102735475,33.931938777349615,32.37
SM,0.03006867366973385,826,2.815270087330527,45.25316920486745,3.82
BTRN,0.030042252598009266,827,2.723036137309181,32.978281031880414,47.92
GLPG,0.030029382139915847,828,13.458200385134923,62.61466781195033,42.82
ALLE,0.02999893203851472,829,11.491461888003931,73.89206828658448,31.27
AMPL,0.029964414419675522,830,-9.198113614247895,35.00000635782875,32.88
NOC,0.02994042583993252,831,16.310985371536663,84.71675972108972,30.67
AGQ,0.02989128093858533,832,-0.5258865872879234,36.59575481192741,41.46
GILD,0.02986537108284361,833,1.2796423312534955,52.431959304441484,39.25
HESM,0.029844066624291947,834,11.279773558127262,65.52931026714569,23.36
MNMD,0.02982652206545096,835,17.71268466632705,51.25284337214868,27.95
CME,0.029789036417624464,836,1.4672921501557423,57.21532546984551,27.27
MCHP,0.029635726686419,837,-9.170540887123387,30.629722728286026,21.16
ARGX,0.02958614237395318,838,23.978805477217044,87.55174365051785,22.18
CASY,0.02957125167970021,839,1.073033087350265,49.46717867465898,42.4
BKD,0.029553886935681027,840,11.257309411538344,36.29033839665076,41.21
ARQT,0.02952314638188257,841,3.4008703140914567,26.25369478430227,35.51
KBR,0.029497467118921337,842,-2.3729468264673987,47.86885614966618,2.46
MISL,0.02943452362809783,843,3.842963889541758,50.20866480497947,38.57
HSBC,0.029366769546898545,844,1.153784051534317,44.25402543546075,34.58
LNC,0.029290250125010228,845,6.03968491939491,59.927145507480006,20.31
UAE,0.02923470405338785,846,5.891722937162987,63.679262682761546,36.02
RNW,0.02920015553818644,847,-0.9126489043687236,52.60415036853035,44.35
KT,0.029167598776149987,848,-3.8679319465229844,32.95446335422754,28.21
MIRM,0.029117877760365608,849,3.419485580102842,40.922200498109376,36.45
ILDR,0.02910877759017873,850,0.3819274348832781,51.838247481302616,29.91
CCEP,0.02908119484146825,851,0.7770410547914963,56.206419553408544,33.39
PAC,0.029075375979885174,852,-2.015004050693328,50.634611934700004,42.14
GOEX,0.029055583761963426,853,-5.0000020822583675,36.52630315130262,42.31
MOMO,0.029031709629811386,854,-5.312866529849498,26.829231983780986,40.87
CMRE,0.029000940926384104,855,10.656617601542962,63.851350480574645,5.61
WHLRP,0.028927908481709248,856,1.9132604031998808,53.73130610540698,23.11
ELLO,0.028840890247177623,857,2.966335025937438,65.85366177844709,43.16
MGM,0.028832349404251428,858,-4.894919247456335,36.214970347012155,10.45
PENG,0.028795311946404747,859,9.295632720157785,28.424638594379587,40.44
DERM,0.02872661429806484,860,-1.5492976759426718,40.454542893023316,33.47
VAC,0.028666086890431045,861,-8.250125291756245,28.886173863645197,12.49
TR,0.028653306356899135,862,5.864104721663694,59.326918527218425,35.34
EVRI,0.028616530612404892,863,0.9213332218572966,70.58836729198487,31.95
MGYR,0.028598295792235134,864,1.381378663698916,50.491782775095686,45.2
MGTX,0.02855111744116259,865,1.8641792572413847,13.529390150279482,38.23
FOXF,0.028543291240458513,866,4.641196809845365,56.06059730327045,14.36
BBUC,0.028512784415801174,867,-9.14992032175999,41.60584678366688,29.57
FTI,0.02850595752765648,868,1.2034330962245865,54.2713564628254,38.74
VIV,0.028499401842934792,869,-3.741501067125842,56.60377811166394,43.42
XRX,0.028426318800563705,870,-30.877189665583217,38.522954756725994,0.25
PRAX,0.02842056943648099,871,14.451972225193066,51.343943200139805,12.32
TBBK,0.02841910239138898,872,6.095076501841094,42.265035825432435,28.29
DDS,0.028371038943967537,873,2.795022115050767,59.90179599317472,33.05
AIP,0.028359446789557288,874,-1.95015558427485,47.740673387476036,28.04
GCT,0.02832957345108698,875,1.9941627337649992,52.69662733527037,22.34
CTVA,0.028303353785101085,876,-7.715254623613747,37.532091576463756,25.49
LOMA,0.02828058576001123,877,2.8293517502368375,69.0789391129326,39.76
SBAC,0.028252302755873183,878,-2.291277527200734,44.837047377043646,12.15
LXU,0.0282434070856309,879,-8.150852244876177,27.08333250549059,9.69
SO,0.028212824665323284,880,3.802858317452973,64.49188237096016,18.35
GSIT,0.028197273768086516,881,5.932204531353916,37.106910977320084,32.97
BN,0.028182334214033947,882,1.6018642774678955,56.16556065005875,31.52
JMIA,0.02814831311385043,883,0.4514668555645122,55.68860993123266,29.14
MTRX,0.028098819244953922,884,2.811826579240332,55.04385960325896,34.15
CENX,0.028090771871039543,885,8.59415861591856,51.13808542087725,32.54
APLS,0.027995305160004754,886,25.68455901024273,68.18182233003152,5.18
MUX,0.027978446521143997,887,-11.785401636545403,34.53235633130245,30.16
NAK,0.027927539408893726,888,-46.42857051625543,14.49999386072085,45.79
FIGS,0.027910678627885495,889,6.153848536464471,55.75757715875005,24.89
RPRX,0.027906030260491523,890,2.0346486120406615,60.68795838507865,39.17
DHI,0.027882877325812596,891,13.949969679084168,63.01795998416489,13.42
UAL,0.027855426245741808,892,2.6833402963754818,39.93550683816581,35.6
ES,0.02781675651283812,893,1.5491866037530237,51.266809400415916,18.1
LILAK,0.02775816626019182,894,7.727276306835468,70.62502365560891,14.61
PTCT,0.02774492600359762,895,6.235992240313335,58.18516786888481,32.29
COF,0.027732593074731162,896,-6.083926584856333,30.861709702643225,27.19
GGME,0.027662424774896357,897,-0.3452291514854304,53.018863307239855,29.99
MFG,0.027634251224501305,898,3.730018363735442,64.70590356666307,37.55
SPPP,0.027507380829044286,899,0.16611675936080056,44.33334848615379,39.51
CNM,0.027444076421125355,900,0.561524889843199,57.4596793575923,33.22
BVN,0.02740310253402479,901,2.03592896440111,54.166662770943645,38.83
CALM,0.027339608941213737,902,4.839645921955211,56.31420563177326,34.92
PODD,0.027321183830439653,903,-5.361230621261077,42.11461771386854,29.23
MDB,0.027310407419508926,904,4.55664098120642,63.264194026500505,11.98
DOOO,0.027238820311567956,905,-6.040392905099155,50.71006423364189,20.65
ABNB,0.027194398437462117,906,-6.20558347118488,28.857706729096222,9.09
HOUS,0.02716398818708811,907,18.157890196322015,57.79467639245561,24.55
CMS,0.02716258388711854,908,5.12274804571877,70.40459562487763,17.76
ESQ,0.027119872753396217,909,-5.8539018222607195,40.674957821488306,39.34
UCYB,0.02709520084614274,910,-11.84808715331446,38.4080958140961,25.91
RIOT,0.02692798791393863,911,-9.367299393394166,38.88888332021911,22.43
GTM,0.026918692462103138,912,-0.4873312828406481,44.51612724597965,12.74
PII,0.02690613499485289,913,6.8475460792690015,52.515089925517486,13.59
VMC,0.026887318897801032,914,3.267733070217025,56.49805891032989,13.0
TT,0.026868648736523268,915,0.4252464137887343,50.02910241979364,26.42
PLNT,0.026813480323785603,916,-0.1299298279799884,39.9350676158817,31.01
ANF,0.026789634949188144,917,-0.5895206599592805,48.15602604708747,6.54
EXPE,0.026706707337434507,918,0.8952866439854147,41.94493608652908,24.72
PAYC,0.026656837461694605,919,-2.8446409552772876,56.296087934914304,25.32
BYD,0.026634710260894374,920,2.54995934637311,54.72384494597328,32.8
MXL,0.02661816790272494,921,2.8397571154646832,51.37211845911365,25.06
OGIG,0.02652706511233547,922,-1.1868776684046392,51.9559607253023,28.55
TKO,0.026487892587730977,923,-6.508975284534553,29.627929275441957,33.31
VRNS,0.02647299533281661,924,6.999018396013444,69.6969750044488,22.94
KEMQ,0.026442906012014752,925,-1.2168286541300593,47.0468497702248,40.02
TBPH,0.026434857145590848,926,-2.242152543077428,32.07548527835537,21.58
SMWB,0.02632540614832609,927,-10.520365261572147,42.599281955658626,7.22
SNPS,0.026291886132091023,928,12.74010194697636,69.63414253565472,36.87
AMAT,0.026280992524518564,929,-5.789059085017371,28.15928677470545,12.83
MTRN,0.026276433864944142,930,22.759673081455446,80.90711878419845,19.46
PHG,0.026156245045109737,931,9.474551100331825,66.7589961108038,10.37
EU,0.026142404872585977,932,-13.310583481856696,38.53211169712006,14.7
WNEB,0.02613292997836403,933,3.711132152951756,56.78233903512228,23.53
FTNT,0.026119157384676073,934,-7.855387813822562,33.73912866564763,23.7
VYX,0.026082629472676193,935,-2.5602421643409246,39.44099305298874,25.74
TTWO,0.02607751729024014,936,-8.133771492087918,12.022142708981349,34.75
WMB,0.025959173060831987,937,2.779674428855765,56.269109939093184,22.6
NC,0.025949931407205164,938,-13.908528915262638,33.82960187977291,23.79
EVTC,0.025874513616279977,939,-7.358033711104654,53.42919873186594,13.76
REAL,0.025823202445386214,940,-1.3182706669622877,49.62685717376513,18.01
ALG,0.025809518561559053,941,-4.681495637845493,37.11492620558299,33.56
ADTN,0.025746071808841853,942,-8.368202464649459,44.311374167926104,24.04
LAZ,0.025745736113921055,943,-0.35735618223697474,38.43797802372411,17.16
MU,0.025737911189493527,944,-14.236653472703356,27.84768586095096,22.85
MC,0.025712307150497177,945,4.224921961037217,41.787630374154524,18.27
LSPD,0.025675322564043892,946,4.859340756545881,58.70129882997797,13.25
NIO,0.025587842324678693,947,42.735049643706866,68.10344650402413,22.77
MBBC,0.02554890765599608,948,0.8016120345677332,59.74040450328806,36.53
CPER,0.025528934581485592,949,-13.600752658542753,20.74976968793962,10.88
HGV,0.025401261373189505,950,-0.8247858378302995,36.895972837794275,20.99
SUI,0.025365390028541854,951,-3.8372208462501742,48.259080354773566,7.99
HUBB,0.025363960420679427,952,2.8685743904962653,56.207403556371496,19.2
AORT,0.025338021871574423,953,0.651044164745515,41.703054131637884,29.65
TGS,0.025327235032947468,954,4.4665894339504675,68.57825453154976,37.3
GOLF,0.025245337708004474,955,1.8289465653268917,46.84859889807545,26.17
ULCC,0.02513839199825732,956,-4.337350906524867,44.64285840996191,5.27
GEN,0.025107959448590008,957,-5.5755948453668225,32.881388808069005,19.29
WLK,0.025087217339901855,958,-7.0028359788359795,37.33973681025176,1.19
ACDC,0.025055005024015725,959,-12.499997596586923,31.658292661390547,17.33
LYV,0.025017081330007757,960,-2.096874652123233,45.13828845652074,29.48
ASND,0.02501257961183118,961,0.17223737763971456,49.45010321700599,35.77
DBP,0.024874905325617973,962,0.699853104190243,48.34226012709666,23.45
AFK,0.02485275700601661,963,0.9192091599241059,52.74263538940441,37.47
ELPC,0.02480578159674146,964,-5.96222076174818,62.13154016411434,38.06
EXPD,0.024788078037030096,965,-3.1508665434027563,49.26305925648278,10.03
RLX,0.024758904108208267,966,-6.666669978035706,28.57142857142864,34.66
BDL,0.02468613905367639,967,4.827584891483714,38.81713822853142,36.11
JOF,0.02466737088775888,968,-0.4102560190054087,49.572639819242056,27.78
RDCM,0.024660783528074028,969,-4.8691865199801,52.020200560645016,25.23
HNNA,0.02463549243637976,970,0.4048521094425513,53.57142492216482,34.24
HROW,0.024625833960947183,971,-1.6377967173658956,32.53780098763275,16.65
UNIT,0.02458858935439638,972,12.873562185212107,54.2168686234993,11.55
MDXG,0.024567057603831984,973,12.93374881843666,56.3829733268763,16.14
AES,0.024544708368754907,974,14.84374146287674,62.45210615971604,17.08
FLNC,0.024503032771964098,975,-7.491077871988555,48.36734868645002,11.47
ETSY,0.024406392819623954,976,8.092701144598639,52.39602491970079,26.93
DBD,0.02440304914616343,977,-8.491522578869835,16.36365843212529,30.08
RMCO,0.024359100438078186,978,-15.094339905563753,50.59523758839583,37.21
WEST,0.024347908699711002,979,2.0280829568724954,63.13131252316453,6.88
EIX,0.02434170696097746,980,1.1037142520939276,62.4569314569091,3.48
XPOF,0.02434071005082605,981,1.9801960565473904,44.333334392970784,4.93
UNFI,0.024303437004036033,982,16.12209786371215,66.43073913331922,30.93
BURL,0.02429238028556369,983,10.424832592166595,63.844411252421445,18.18
HALO,0.024275828101701893,984,9.2962971440068,55.780581372253295,14.53
MDLZ,0.024237073809912923,985,-7.334392977639205,36.35026489542006,8.67
CRL,0.024224527699423022,986,6.230911945752051,58.148083878146196,18.44
NTLA,0.024120882653746317,987,6.983240372284626,47.077509953291774,9.94
SSD,0.02410446293303962,988,9.832644397733846,67.6104503226806,15.97
STT,0.02409486478616887,989,-1.5592432769201359,47.200619131495436,28.38
FPA,0.024090608197278086,990,-0.30994816891852744,33.33333333333347,32.71
AIR,0.024067653204009543,991,2.1410562537067315,46.75664797411898,31.44
ALL,0.023964480390293506,992,0.8939415517479338,54.096866220588154,16.06
SKYW,0.023938715677729233,993,1.2339968882149992,42.83464945347725,24.3
TER,0.023936363362549395,994,11.927795395144585,63.578382567519704,17.5
EVRG,0.023925878654494658,995,1.9521270171339589,68.17641998592336,21.75
TXG,0.023787792194293514,996,0.5380453004821872,55.04131931773671,18.61
SAMT,0.023771841804148524,997,2.790296632611836,54.46929953861399,33.64
HSY,0.023749715182690877,998,7.106019833053456,81.20145444545801,21.41
MO,0.02371163188399387,999,3.5708251448977504,72.01446916559345,24.64
GB,0.023645546201052737,1000,-1.2048149702615105,56.25001862652476,28.8
CXSE,0.023627340842256102,1001,5.744123794945255,63.26528387934048,27.61
TAK,0.02361457863618293,1002,-7.692309605203705,33.58206007517673,10.28
WULF,0.023559467447840973,1003,-9.505703008425332,43.39623082867968,25.83
BLCO,0.023547011049362524,1004,-2.73775296331274,47.30538477616068,6.12
CIFR,0.02354688195122797,1005,-18.512402100605545,33.82353106171952,26.08
PBF,0.023504528377927124,1006,-10.041493933563011,24.928899242212637,5.69
LILA,0.02350311090820336,1007,7.704160518234576,70.65864553281207,13.34
RH,0.023469053587348097,1008,-3.0332298024265203,48.72190634902414,1.7
RF,0.02346137493758683,1009,0.3629038522444792,52.00844071738843,20.56
HRMY,0.02345483125992687,1010,6.965179381513735,48.36326547711504,11.13
GCAD,0.02345459919058285,1011,1.5466243307888645,45.264376383925615,35.68
UBER,0.023412876913758134,1012,-7.177180164942562,24.224522937216932,25.57
APTV,0.023407690716356996,1013,-9.523148105310883,37.29616162589096,14.1
SLND,0.023389772051304714,1014,-13.140305252260664,19.512160136833046,29.06
FEUZ,0.023387066322609295,1015,-0.5746517515393934,41.912811325846654,36.62
CINF,0.023320093452451736,1016,-1.615178649730119,44.98857955578582,15.46
AVDL,0.023213008029784706,1017,24.076142721788564,67.33333820767034,19.97
CMI,0.02319698676599276,1018,7.235635939248102,62.7739543464328,22.68
SA,0.023121706565518093,1019,0.5913281932251905,45.35810186092811,20.73
VRDN,0.02310198597491925,1020,11.104018906486738,52.18094252066039,15.55
LTL,0.02309187481244816,1021,-4.312094262658014,43.87350637814285,30.5
CM,0.0230863259618261,1022,-0.512824308741446,45.85289440127611,28.63
BNT,0.023086285487143206,1023,1.7918378317398742,55.926814886480166,31.69
GWRE,0.023042480961051052,1024,-3.255490859033113,51.995476294040884,26.51
HLT,0.023036985365538852,1025,-4.600986201461321,29.654998347573027,20.14
GDE,0.022971032545149116,1026,-0.06257567825660006,49.19613950708732,34.07
CR,0.022946703097901054,1027,0.17084376930954423,60.854491324289064,27.02
VLRS,0.022879978085295828,1028,18.918915971675673,67.355361234606,16.31
ASPN,0.022718161582991076,1029,17.647056652535262,67.5767911423491,2.63
ASO,0.022715156804577488,1030,4.275133243944279,43.792170498997024,16.82
PEG,0.02269540977130318,1031,9.609465600237012,76.67560285157933,18.52
BC,0.022683874652300942,1032,-4.71063139594754,42.82907330793575,6.63
ADI,0.022579292296479755,1033,-9.756588520232802,18.136569820623293,14.44
TRIP,0.0225578851015367,1034,-7.371433803013392,28.5714165943551,17.93
SBH,0.022526500391018514,1035,-6.128405941688026,43.69229351697876,8.16
GRAB,0.022494812411298228,1036,-1.4373654305780892,41.463403287621524,21.92
DLR,0.02244953524234808,1037,-0.22595560594275885,52.66669760811972,15.12
CADE,0.022323783065371163,1038,-2.133799515441054,40.595220362505486,15.29
AUR,0.02226600898288366,1039,6.603771547865541,49.77778324080218,5.01
GEG,0.02225556552566949,1040,2.4154567115350485,56.06059730327042,24.98
JEQ,0.022238434439811553,1041,0.0,63.440855804490674,31.78
KRC,0.02223085614606627,1042,3.5704116997594437,45.63251593095857,12.06
XPRO,0.02220333085843957,1043,16.870138351572397,60.404619696927305,6.2
GM,0.022172369105931705,1044,-0.6806591312270165,47.329764802949924,21.33
CNMD,0.02214260891444325,1045,-3.754833143335718,58.731399617454905,2.8
LDOS,0.022100559215931338,1046,-3.2571710560721563,37.67234544668001,14.95
MMS,0.022015975555596094,1047,1.1795810884179732,52.10280915266704,7.73
TTD,0.022006065363451174,1048,15.6833726577114,73.06193091384534,21.07
WVE,0.021972650219462597,1049,24.172666924913447,62.30530252141535,7.56
TYRA,0.0219403617416341,1050,3.6999988555908208,43.9189187737895,1.27
FDTS,0.02192925650661272,1051,0.21594152594635882,44.14413717793081,31.86
GES,0.021924439571458617,1052,-4.006159648906771,47.34513442381385,4.5
SWTX,0.021871425410657903,1053,0.5133725742605281,76.08654189022296,33.14
CVLT,0.0218497265947803,1054,2.9676268033322644,58.323756448130155,18.86
SVM,0.02184056985381648,1055,-6.8965453455194,26.82927396593928,26.76
STE,0.02154325091258076,1056,-4.495898883336715,51.87110302526581,11.38
CCI,0.021499519499364607,1057,3.8476478380539874,57.010782835630096,13.93
IMTX,0.021495201324590235,1058,13.485113411249582,59.58548774751056,9.35
BSX,0.021465921976749885,1059,1.0448657692425551,53.81895584236202,23.96
STOK,0.021392119679549355,1060,12.456449148056448,56.186313260223855,23.87
NEXN,0.021321633259407526,1061,-2.43427447767065,51.33531425984099,23.19
SSL,0.021310479396393838,1062,-1.6032049574248424,42.92929110484801,15.72
ARCB,0.02124567805692743,1063,-15.548592343149458,32.2277875094711,3.4
TSCO,0.02113399637840696,1064,5.491488085931867,48.02694888340202,20.22
SVC,0.021126358613563812,1065,-0.3846150319251659,42.53731117558693,7.9
BTDR,0.02105260265635758,1066,-12.055197864212849,39.58332948978001,20.39
FLG,0.021014701855530917,1067,0.2685741518915611,46.38403972232614,10.62
GBFH,0.021011276682073515,1068,3.4540328999029852,47.66853458215356,27.1
BEAM,0.020963317081928744,1069,-5.897052931926562,37.65822148110115,2.55
DGX,0.02085084267873902,1070,-3.4309247842255237,53.43492058661419,15.89
RCUS,0.020818306054848933,1071,8.146393844511007,43.36043766666686,1.61
KDP,0.020803359783406628,1072,-1.3909476412211277,50.46876201409415,10.71
DDOG,0.020778600407084527,1073,-12.600701619113467,45.0124738690874,24.47
GLNG,0.020773621428598805,1074,-2.4343265735625583,44.70801573213602,16.48
WEX,0.0207363417540254,1075,10.011241035095418,68.95149419089323,18.78
MUR,0.02063940645772299,1076,-3.228439028797054,37.54116187882412,4.67
LII,0.02063663765620164,1077,0.27308339579414803,47.17094639521261,14.78
APG,0.02060197321027715,1078,2.1555427448306577,55.87627811860941,5.86
EVTL,0.020584695416218688,1079,-17.56373627717018,57.794680218514756,23.62
CCEC,0.02052939270313909,1080,-5.454541348778626,31.921327169025787,31.18
STAA,0.02050380141290262,1081,-0.5599125310878593,54.65587998067941,1.02
BTU,0.020498857567540756,1082,10.827584102235992,57.27040589799041,7.48
ARKA,0.020437746286556577,1083,2.7939519332742493,32.78651879000691,28.12
AEO,0.02042131311422982,1084,4.474708658518812,57.212715532719216,1.1
ARDX,0.020371205008009388,1085,1.4051508910433788,34.94625337438568,4.76
EXP,0.020313933437961118,1086,2.922779895273038,49.84819390412969,4.25
CMCSA,0.020273394165800745,1087,-9.641570044102732,29.687497671692498,4.84
NVAX,0.02018438582296455,1088,-3.529415312110247,41.20171972452319,2.21
NUE,0.019990411769641662,1089,0.5802589976722793,45.355533648707244,13.17
SYRE,0.019968344534727494,1090,3.1725887864119326,49.03475107248517,1.95
IEP,0.019902778245386527,1091,4.906531565782746,39.79056101546893,2.89
SDRL,0.019846491672082175,1092,-4.500176385517401,41.274235251207244,5.35
CMA,0.019811430057211556,1093,4.437130582030216,57.505397632827496,22.09
AIG,0.01978360757774362,1094,-7.429670933520348,22.86043177307451,9.01
TAL,0.01970275719536002,1095,5.976099439735334,52.38096247274837,16.57
BKGI,0.019697399100498475,1096,0.9081433985645891,55.35263659195429,28.97
AXGN,0.01965076571122001,1097,15.919485110116662,56.2379989903135,5.78
VRNT,0.01959976773008266,1098,-5.9972147921934695,51.439535412428334,6.03
INTC,0.01959892223899961,1099,-14.139619108665189,14.564828011671807,4.33
CNR,0.01959001785877037,1100,0.0687043866398586,45.71727083320605,3.14
CIVI,0.019559189745038407,1101,-3.3310894817999226,44.94987952969523,0.93
SHLS,0.019534618352253563,1102,-13.712377408795126,36.405526916028315,20.82
OI,0.01952439663485869,1103,-18.123804331592357,24.19006172517831,11.3
SCVL,0.019484496437213977,1104,-6.088998225674449,43.75820836566554,2.29
ARE,0.01943646684270517,1105,-1.1830421923777863,42.014749844530066,2.97
YETI,0.01941647358303659,1106,9.709924595956585,62.70440417553363,16.91
LH,0.019350597368021187,1107,-0.14892306946527062,61.44363616934718,20.48
WBA,0.019291756873440525,1108,1.4821279192348455,78.26059914999482,19.88
NXPI,0.01920215386343476,1109,-9.556228932057028,31.850764861754783,8.84
ADM,0.019166492260236548,1110,-2.6396725057305073,47.45186373708215,13.08
PHX,0.01915934647898166,1111,0.9280733731803988,71.42847411444141,29.31
MPC,0.019158867943771692,1112,-5.975577443965229,32.39189560176466,20.9
WBTN,0.019062711227441655,1113,-1.7039488310583784,48.412687600066384,2.04
DNTH,0.019060401936699604,1114,9.230767829737822,53.932580055725644,3.91
RLAY,0.01905352779732722,1115,-7.438022336995916,41.80328013018431,1.44
IDYA,0.018984061058656455,1116,9.819004700621788,60.193008059411746,6.97
SYY,0.01895979879964823,1117,3.4983116578986624,59.3965542755856,19.71
CC,0.01892713844350122,1118,-11.059553529966749,31.74311753224731,0.85
STXS,0.018916054433826077,1119,0.909090022410242,47.787612486636405,17.84
BG,0.018758718023059825,1120,-0.5609413917789289,59.261540686250804,6.71
NPK,0.01875077483408872,1121,-11.948293699698292,28.51204500267947,24.21
PX,0.018702242392762854,1122,10.604654356490734,68.26570862801367,13.85
RNA,0.01869618590954635,1123,23.14020594788067,58.16538334905338,9.86
PHM,0.01864401787802332,1124,6.757497575351085,55.84804744055779,11.72
ALHC,0.01864150049358452,1125,-4.421513937279304,46.04051976152863,12.57
NBR,0.018621486681662656,1126,1.6046213172286838,47.05585796040202,0.76
TEM,0.018583136490973193,1127,-9.972120238354442,44.967364747952175,17.59
CVX,0.018582316861013217,1128,2.042191062218262,49.37027823985389,13.68
IBP,0.01853988706030687,1129,6.126014008004238,56.09563897011277,14.19
CLDX,0.01846981794746822,1130,0.8636387911709872,42.147653309171915,5.1
TFII,0.018436492692001958,1131,-9.395617701266271,41.076711351470564,1.78
DAL,0.018407908599619466,1132,0.5701944790545671,18.190139253853744,13.51
ANSS,0.018355877954388776,1133,11.137497638396763,70.17496388542969,26.0
LI,0.018254171476907076,1134,-2.717286305640988,33.58999014567074,15.8
NAMS,0.018103178850516183,1135,7.204031625665398,44.01077151350546,18.69
RNXT,0.018046937616717725,1136,-11.029409895615599,21.212113549444254,20.05
RIG,0.017999255699049668,1137,1.8050524426198775,53.57142553037496,4.08
HLIO,0.017937000861575902,1138,-1.6652747556179897,55.898570181238235,8.41
VALN,0.017905220883278252,1139,24.234079281195456,68.95402874142799,22.26
EH,0.01783525519350164,1140,-0.9378654889850614,43.10953206250849,12.4
IMNM,0.01783323605736459,1141,19.796379748790972,73.31838958159778,9.77
HCA,0.017804302620080717,1142,-5.2073891472719955,35.75588014984045,12.66
HCC,0.017693778601905904,1143,2.959414930226736,51.537786862729085,7.05
MARA,0.017559642295277383,1144,-12.231029819225252,27.460504189216465,6.29
VKTX,0.017554501177434543,1145,15.927632799061467,56.198359948792024,3.65
RGEN,0.017541447584007632,1146,-6.715303582505554,47.297903740174064,2.38
KURA,0.017517304182130947,1147,2.7303727605233523,42.82608326080565,0.42
CSIQ,0.017418145453459374,1148,-9.584670280066396,27.069350466756347,10.54
LEGN,0.01736536544601864,1149,8.866441923480854,47.21254702742796,9.52
JKS,0.017225597933609466,1150,-11.403871360058094,26.878132874975407,17.67
ANAB,0.016853735116756422,1151,3.9578969855057564,28.100796612907303,14.87
GNK,0.016845060349643424,1152,13.405017284065412,67.41569903357541,15.21
KODK,0.016565782149258412,1153,3.864730590078685,31.36530313480948,16.74
SAIA,0.01649060526730807,1154,-0.5766858298293349,50.009671479765935,3.06
MRC,0.01648660960335918,1155,4.129130655675437,59.33503742746827,16.99
KSS,0.016483879698182238,1156,15.624998394271378,54.26421196001681,7.31
GSM,0.01645467777263721,1157,-8.944956260581876,37.17948933481663,9.6
MANH,0.016415243309979455,1158,7.367584417519179,63.97339922222018,10.96
USG,0.016391448682585477,1159,0.885207651863564,51.77321881536203,21.84
ALB,0.0162610512299682,1160,1.0266365880157546,45.19254008341519,5.52
IQV,0.01624379662187176,1161,11.087427451307565,65.3846048671188,9.18
RUN,0.01619889592034604,1162,-6.190472557431159,44.858878313657726,11.81
AMRC,0.016106652618899105,1163,-5.591907259055963,30.102807679073877,4.42
FCX,0.016090851517298138,1164,-12.598254484455717,26.782746056644157,11.05
DPZ,0.015749165339195292,1165,3.093905298455805,46.064422137689746,14.27
KALV,0.015656131008291434,1166,10.267116384889595,30.4854404529637,19.37
AMR,0.015448044338851838,1167,-1.3374464735570042,48.33967078525414,0.59
BULL,0.0154200770897357,1168,-6.7832185600758335,51.60098381143603,14.02
KVUE,0.015350526900291482,1169,2.5653251073597203,46.94960856353899,10.11
AOS,0.015310919512049277,1170,3.6660859250472626,54.75031862700684,8.75
CLF,0.015277528877986776,1171,14.05896562014783,55.64357056405963,6.8
RXRX,0.014861173185535809,1172,7.779883280759097,56.711404026426386,4.16
NEE,0.014852963581170843,1173,-4.7103354858044,30.137002407699427,9.26
XIFR,0.014810063422453938,1174,2.8985425581669553,54.35682775453609,2.12
AXL,0.014804822824675119,1175,-1.5981773934339742,34.91122357078527,3.99
ICLR,0.014629148516715288,1176,10.886073066927018,58.07097620855131,4.59
WH,0.014239241109230406,1177,-0.7928972413553994,35.641478222202636,7.82
WOOF,0.013255566286709222,1178,-5.194800369332063,49.12790794382859,3.74
BTBT,0.012877040924071242,1179,-7.482994024776408,37.76824513025067,7.65
VLN,0.011887533183951268,1180,-11.194027792666583,39.50617320289382,11.64
BCYC,0.011835835013402489,1181,7.537011517061626,48.4320530282816,0.34
LAC,0.011149174961055814,1182,-4.135343231767321,41.242939375138576,2.72
SGML,0.01081903596989626,1183,-2.119463050127896,37.81725710166726,0.08
DNUT,0.006832127885252538,1184,3.614461638270319,54.33070807013822,0.17
